[train: 1, 50 / 1875] FPS: 13.9 (37.6)  ,  Loss/total: 1.04094  ,  Loss/giou: 0.38568  ,  Loss/l1: 0.05391  ,  IoU: 0.43574
[train: 1, 100 / 1875] FPS: 15.1 (33.0)  ,  Loss/total: 0.99621  ,  Loss/giou: 0.38519  ,  Loss/l1: 0.04516  ,  IoU: 0.50463
[train: 1, 150 / 1875] FPS: 15.9 (42.8)  ,  Loss/total: 0.94380  ,  Loss/giou: 0.37174  ,  Loss/l1: 0.04006  ,  IoU: 0.54587
[train: 1, 200 / 1875] FPS: 16.5 (36.4)  ,  Loss/total: 0.91819  ,  Loss/giou: 0.36460  ,  Loss/l1: 0.03780  ,  IoU: 0.56690
[train: 1, 250 / 1875] FPS: 17.0 (36.3)  ,  Loss/total: 0.90026  ,  Loss/giou: 0.36053  ,  Loss/l1: 0.03584  ,  IoU: 0.59126
[train: 1, 300 / 1875] FPS: 17.4 (36.4)  ,  Loss/total: 0.88367  ,  Loss/giou: 0.35538  ,  Loss/l1: 0.03458  ,  IoU: 0.60285
[train: 1, 350 / 1875] FPS: 18.0 (36.4)  ,  Loss/total: 0.86446  ,  Loss/giou: 0.34948  ,  Loss/l1: 0.03310  ,  IoU: 0.61550
[train: 1, 400 / 1875] FPS: 18.6 (36.5)  ,  Loss/total: 0.85277  ,  Loss/giou: 0.34555  ,  Loss/l1: 0.03233  ,  IoU: 0.62496
[train: 1, 450 / 1875] FPS: 18.7 (38.0)  ,  Loss/total: 0.83823  ,  Loss/giou: 0.34029  ,  Loss/l1: 0.03153  ,  IoU: 0.63231
[train: 1, 500 / 1875] FPS: 19.3 (43.5)  ,  Loss/total: 0.83334  ,  Loss/giou: 0.33870  ,  Loss/l1: 0.03119  ,  IoU: 0.63760
[train: 1, 550 / 1875] FPS: 19.8 (37.3)  ,  Loss/total: 0.82891  ,  Loss/giou: 0.33726  ,  Loss/l1: 0.03088  ,  IoU: 0.64426
[train: 1, 600 / 1875] FPS: 20.2 (37.8)  ,  Loss/total: 0.82357  ,  Loss/giou: 0.33565  ,  Loss/l1: 0.03045  ,  IoU: 0.64968
[train: 1, 650 / 1875] FPS: 20.4 (37.6)  ,  Loss/total: 0.81741  ,  Loss/giou: 0.33313  ,  Loss/l1: 0.03023  ,  IoU: 0.65259
[train: 1, 700 / 1875] FPS: 20.7 (37.6)  ,  Loss/total: 0.80855  ,  Loss/giou: 0.32998  ,  Loss/l1: 0.02972  ,  IoU: 0.65714
[train: 1, 750 / 1875] FPS: 20.1 (31.9)  ,  Loss/total: 0.80366  ,  Loss/giou: 0.32843  ,  Loss/l1: 0.02936  ,  IoU: 0.66147
[train: 1, 800 / 1875] FPS: 19.8 (38.1)  ,  Loss/total: 0.79867  ,  Loss/giou: 0.32637  ,  Loss/l1: 0.02918  ,  IoU: 0.66215
[train: 1, 850 / 1875] FPS: 19.5 (35.5)  ,  Loss/total: 0.79335  ,  Loss/giou: 0.32450  ,  Loss/l1: 0.02887  ,  IoU: 0.66510
[train: 1, 900 / 1875] FPS: 19.2 (4.1)  ,  Loss/total: 0.78903  ,  Loss/giou: 0.32293  ,  Loss/l1: 0.02863  ,  IoU: 0.66770
[train: 1, 950 / 1875] FPS: 19.1 (38.2)  ,  Loss/total: 0.78625  ,  Loss/giou: 0.32171  ,  Loss/l1: 0.02856  ,  IoU: 0.66991
[train: 1, 1000 / 1875] FPS: 18.9 (37.4)  ,  Loss/total: 0.78074  ,  Loss/giou: 0.31961  ,  Loss/l1: 0.02830  ,  IoU: 0.67162
[train: 1, 1050 / 1875] FPS: 18.9 (43.8)  ,  Loss/total: 0.78051  ,  Loss/giou: 0.31957  ,  Loss/l1: 0.02827  ,  IoU: 0.67372
[train: 1, 1100 / 1875] FPS: 18.8 (8.3)  ,  Loss/total: 0.77795  ,  Loss/giou: 0.31854  ,  Loss/l1: 0.02817  ,  IoU: 0.67638
[train: 1, 1150 / 1875] FPS: 18.8 (31.7)  ,  Loss/total: 0.77734  ,  Loss/giou: 0.31822  ,  Loss/l1: 0.02818  ,  IoU: 0.67747
[train: 1, 1200 / 1875] FPS: 18.9 (43.6)  ,  Loss/total: 0.77702  ,  Loss/giou: 0.31797  ,  Loss/l1: 0.02822  ,  IoU: 0.67853
[train: 1, 1250 / 1875] FPS: 19.0 (31.7)  ,  Loss/total: 0.77593  ,  Loss/giou: 0.31760  ,  Loss/l1: 0.02815  ,  IoU: 0.67946
[train: 1, 1300 / 1875] FPS: 19.1 (25.5)  ,  Loss/total: 0.77330  ,  Loss/giou: 0.31650  ,  Loss/l1: 0.02806  ,  IoU: 0.68031
[train: 1, 1350 / 1875] FPS: 19.2 (36.6)  ,  Loss/total: 0.76995  ,  Loss/giou: 0.31510  ,  Loss/l1: 0.02795  ,  IoU: 0.68060
[train: 1, 1400 / 1875] FPS: 19.3 (36.3)  ,  Loss/total: 0.76823  ,  Loss/giou: 0.31446  ,  Loss/l1: 0.02786  ,  IoU: 0.68172
[train: 1, 1450 / 1875] FPS: 19.5 (36.0)  ,  Loss/total: 0.76541  ,  Loss/giou: 0.31348  ,  Loss/l1: 0.02769  ,  IoU: 0.68368
[train: 1, 1500 / 1875] FPS: 19.6 (14.1)  ,  Loss/total: 0.76398  ,  Loss/giou: 0.31285  ,  Loss/l1: 0.02766  ,  IoU: 0.68476
[train: 1, 1550 / 1875] FPS: 19.8 (35.5)  ,  Loss/total: 0.76201  ,  Loss/giou: 0.31217  ,  Loss/l1: 0.02754  ,  IoU: 0.68640
[train: 1, 1600 / 1875] FPS: 20.0 (36.1)  ,  Loss/total: 0.76162  ,  Loss/giou: 0.31195  ,  Loss/l1: 0.02754  ,  IoU: 0.68646
[train: 1, 1650 / 1875] FPS: 20.1 (43.3)  ,  Loss/total: 0.75936  ,  Loss/giou: 0.31107  ,  Loss/l1: 0.02744  ,  IoU: 0.68822
[train: 1, 1700 / 1875] FPS: 20.3 (37.3)  ,  Loss/total: 0.75807  ,  Loss/giou: 0.31061  ,  Loss/l1: 0.02737  ,  IoU: 0.68956
[train: 1, 1750 / 1875] FPS: 20.5 (36.2)  ,  Loss/total: 0.75579  ,  Loss/giou: 0.30959  ,  Loss/l1: 0.02732  ,  IoU: 0.68954
[train: 1, 1800 / 1875] FPS: 20.7 (35.8)  ,  Loss/total: 0.75337  ,  Loss/giou: 0.30863  ,  Loss/l1: 0.02722  ,  IoU: 0.69073
[train: 1, 1850 / 1875] FPS: 20.8 (35.6)  ,  Loss/total: 0.75374  ,  Loss/giou: 0.30868  ,  Loss/l1: 0.02728  ,  IoU: 0.69108
[train: 1, 1875 / 1875] FPS: 20.9 (42.4)  ,  Loss/total: 0.75470  ,  Loss/giou: 0.30897  ,  Loss/l1: 0.02735  ,  IoU: 0.69134
[train: 2, 50 / 1875] FPS: 23.2 (35.4)  ,  Loss/total: 0.71712  ,  Loss/giou: 0.29353  ,  Loss/l1: 0.02601  ,  IoU: 0.71576
[train: 2, 100 / 1875] FPS: 26.6 (36.3)  ,  Loss/total: 0.72052  ,  Loss/giou: 0.29506  ,  Loss/l1: 0.02608  ,  IoU: 0.72383
[train: 2, 150 / 1875] FPS: 28.2 (36.4)  ,  Loss/total: 0.71264  ,  Loss/giou: 0.29262  ,  Loss/l1: 0.02548  ,  IoU: 0.72939
[train: 2, 200 / 1875] FPS: 28.5 (36.6)  ,  Loss/total: 0.71028  ,  Loss/giou: 0.29138  ,  Loss/l1: 0.02550  ,  IoU: 0.72720
[train: 2, 250 / 1875] FPS: 28.8 (35.4)  ,  Loss/total: 0.69595  ,  Loss/giou: 0.28648  ,  Loss/l1: 0.02460  ,  IoU: 0.73256
[train: 2, 300 / 1875] FPS: 29.4 (36.0)  ,  Loss/total: 0.69638  ,  Loss/giou: 0.28675  ,  Loss/l1: 0.02458  ,  IoU: 0.73041
[train: 2, 350 / 1875] FPS: 29.7 (31.9)  ,  Loss/total: 0.70237  ,  Loss/giou: 0.28840  ,  Loss/l1: 0.02511  ,  IoU: 0.73080
[train: 2, 400 / 1875] FPS: 29.9 (29.6)  ,  Loss/total: 0.70369  ,  Loss/giou: 0.28892  ,  Loss/l1: 0.02517  ,  IoU: 0.72861
[train: 2, 450 / 1875] FPS: 30.1 (23.2)  ,  Loss/total: 0.70289  ,  Loss/giou: 0.28892  ,  Loss/l1: 0.02501  ,  IoU: 0.72973
[train: 2, 500 / 1875] FPS: 30.1 (35.6)  ,  Loss/total: 0.69713  ,  Loss/giou: 0.28695  ,  Loss/l1: 0.02465  ,  IoU: 0.73206
[train: 2, 550 / 1875] FPS: 30.2 (36.2)  ,  Loss/total: 0.69532  ,  Loss/giou: 0.28578  ,  Loss/l1: 0.02475  ,  IoU: 0.73047
[train: 2, 600 / 1875] FPS: 30.3 (36.1)  ,  Loss/total: 0.69173  ,  Loss/giou: 0.28453  ,  Loss/l1: 0.02453  ,  IoU: 0.73045
[train: 2, 650 / 1875] FPS: 30.4 (26.0)  ,  Loss/total: 0.69303  ,  Loss/giou: 0.28509  ,  Loss/l1: 0.02457  ,  IoU: 0.73078
[train: 2, 700 / 1875] FPS: 30.5 (36.6)  ,  Loss/total: 0.69226  ,  Loss/giou: 0.28491  ,  Loss/l1: 0.02449  ,  IoU: 0.73167
[train: 2, 750 / 1875] FPS: 30.6 (36.4)  ,  Loss/total: 0.69332  ,  Loss/giou: 0.28533  ,  Loss/l1: 0.02453  ,  IoU: 0.73193
[train: 2, 800 / 1875] FPS: 30.6 (35.8)  ,  Loss/total: 0.69235  ,  Loss/giou: 0.28499  ,  Loss/l1: 0.02447  ,  IoU: 0.73274
[train: 2, 850 / 1875] FPS: 30.7 (34.1)  ,  Loss/total: 0.69013  ,  Loss/giou: 0.28409  ,  Loss/l1: 0.02439  ,  IoU: 0.73289
[train: 2, 900 / 1875] FPS: 30.6 (35.7)  ,  Loss/total: 0.68727  ,  Loss/giou: 0.28310  ,  Loss/l1: 0.02421  ,  IoU: 0.73297
[train: 2, 950 / 1875] FPS: 30.7 (36.7)  ,  Loss/total: 0.68754  ,  Loss/giou: 0.28317  ,  Loss/l1: 0.02424  ,  IoU: 0.73347
[train: 2, 1000 / 1875] FPS: 30.8 (36.5)  ,  Loss/total: 0.68529  ,  Loss/giou: 0.28241  ,  Loss/l1: 0.02410  ,  IoU: 0.73448
[train: 2, 1050 / 1875] FPS: 30.9 (35.3)  ,  Loss/total: 0.68602  ,  Loss/giou: 0.28251  ,  Loss/l1: 0.02420  ,  IoU: 0.73402
[train: 2, 1100 / 1875] FPS: 30.9 (36.3)  ,  Loss/total: 0.68481  ,  Loss/giou: 0.28204  ,  Loss/l1: 0.02415  ,  IoU: 0.73309
[train: 2, 1150 / 1875] FPS: 30.9 (36.1)  ,  Loss/total: 0.68527  ,  Loss/giou: 0.28230  ,  Loss/l1: 0.02414  ,  IoU: 0.73328
[train: 2, 1200 / 1875] FPS: 30.9 (36.2)  ,  Loss/total: 0.68511  ,  Loss/giou: 0.28223  ,  Loss/l1: 0.02413  ,  IoU: 0.73384
[train: 2, 1250 / 1875] FPS: 31.0 (35.3)  ,  Loss/total: 0.68334  ,  Loss/giou: 0.28168  ,  Loss/l1: 0.02400  ,  IoU: 0.73467
[train: 2, 1300 / 1875] FPS: 30.9 (36.4)  ,  Loss/total: 0.68256  ,  Loss/giou: 0.28141  ,  Loss/l1: 0.02395  ,  IoU: 0.73451
[train: 2, 1350 / 1875] FPS: 31.0 (36.2)  ,  Loss/total: 0.68385  ,  Loss/giou: 0.28199  ,  Loss/l1: 0.02397  ,  IoU: 0.73433
[train: 2, 1400 / 1875] FPS: 31.0 (36.4)  ,  Loss/total: 0.68509  ,  Loss/giou: 0.28247  ,  Loss/l1: 0.02403  ,  IoU: 0.73428
[train: 2, 1450 / 1875] FPS: 31.0 (36.1)  ,  Loss/total: 0.68487  ,  Loss/giou: 0.28239  ,  Loss/l1: 0.02402  ,  IoU: 0.73468
[train: 2, 1500 / 1875] FPS: 31.1 (35.6)  ,  Loss/total: 0.68436  ,  Loss/giou: 0.28221  ,  Loss/l1: 0.02399  ,  IoU: 0.73446
[train: 2, 1550 / 1875] FPS: 31.1 (35.8)  ,  Loss/total: 0.68607  ,  Loss/giou: 0.28284  ,  Loss/l1: 0.02408  ,  IoU: 0.73440
[train: 2, 1600 / 1875] FPS: 31.1 (36.0)  ,  Loss/total: 0.68671  ,  Loss/giou: 0.28300  ,  Loss/l1: 0.02414  ,  IoU: 0.73403
[train: 2, 1650 / 1875] FPS: 31.1 (36.2)  ,  Loss/total: 0.68871  ,  Loss/giou: 0.28372  ,  Loss/l1: 0.02426  ,  IoU: 0.73326
[train: 2, 1700 / 1875] FPS: 31.1 (35.5)  ,  Loss/total: 0.68963  ,  Loss/giou: 0.28400  ,  Loss/l1: 0.02433  ,  IoU: 0.73214
[train: 2, 1750 / 1875] FPS: 31.1 (36.5)  ,  Loss/total: 0.68774  ,  Loss/giou: 0.28320  ,  Loss/l1: 0.02427  ,  IoU: 0.73187
[train: 2, 1800 / 1875] FPS: 31.1 (36.1)  ,  Loss/total: 0.68743  ,  Loss/giou: 0.28303  ,  Loss/l1: 0.02428  ,  IoU: 0.73185
[train: 2, 1850 / 1875] FPS: 31.2 (35.8)  ,  Loss/total: 0.68722  ,  Loss/giou: 0.28290  ,  Loss/l1: 0.02428  ,  IoU: 0.73230
[train: 2, 1875 / 1875] FPS: 31.2 (32.8)  ,  Loss/total: 0.68666  ,  Loss/giou: 0.28270  ,  Loss/l1: 0.02425  ,  IoU: 0.73206
[train: 3, 50 / 1875] FPS: 24.3 (20.7)  ,  Loss/total: 0.63354  ,  Loss/giou: 0.26483  ,  Loss/l1: 0.02078  ,  IoU: 0.75539
[train: 3, 100 / 1875] FPS: 27.3 (35.2)  ,  Loss/total: 0.64271  ,  Loss/giou: 0.26645  ,  Loss/l1: 0.02196  ,  IoU: 0.75578
[train: 3, 150 / 1875] FPS: 28.5 (35.6)  ,  Loss/total: 0.64211  ,  Loss/giou: 0.26638  ,  Loss/l1: 0.02187  ,  IoU: 0.74930
[train: 3, 200 / 1875] FPS: 29.2 (35.4)  ,  Loss/total: 0.65230  ,  Loss/giou: 0.27039  ,  Loss/l1: 0.02230  ,  IoU: 0.74812
[train: 3, 250 / 1875] FPS: 29.4 (35.0)  ,  Loss/total: 0.65783  ,  Loss/giou: 0.27195  ,  Loss/l1: 0.02279  ,  IoU: 0.74450
[train: 3, 300 / 1875] FPS: 29.7 (35.6)  ,  Loss/total: 0.66149  ,  Loss/giou: 0.27349  ,  Loss/l1: 0.02290  ,  IoU: 0.74443
[train: 3, 350 / 1875] FPS: 30.0 (35.6)  ,  Loss/total: 0.66292  ,  Loss/giou: 0.27403  ,  Loss/l1: 0.02297  ,  IoU: 0.74473
[train: 3, 400 / 1875] FPS: 30.1 (21.5)  ,  Loss/total: 0.66040  ,  Loss/giou: 0.27344  ,  Loss/l1: 0.02271  ,  IoU: 0.74567
[train: 3, 450 / 1875] FPS: 30.3 (38.3)  ,  Loss/total: 0.66126  ,  Loss/giou: 0.27389  ,  Loss/l1: 0.02269  ,  IoU: 0.74352
[train: 3, 500 / 1875] FPS: 30.4 (36.2)  ,  Loss/total: 0.65850  ,  Loss/giou: 0.27258  ,  Loss/l1: 0.02267  ,  IoU: 0.74345
[train: 3, 550 / 1875] FPS: 30.5 (35.4)  ,  Loss/total: 0.66314  ,  Loss/giou: 0.27417  ,  Loss/l1: 0.02296  ,  IoU: 0.74323
[train: 3, 600 / 1875] FPS: 30.5 (17.7)  ,  Loss/total: 0.66574  ,  Loss/giou: 0.27523  ,  Loss/l1: 0.02306  ,  IoU: 0.74297
[train: 3, 650 / 1875] FPS: 30.6 (35.7)  ,  Loss/total: 0.66645  ,  Loss/giou: 0.27539  ,  Loss/l1: 0.02313  ,  IoU: 0.74332
[train: 3, 700 / 1875] FPS: 30.7 (36.3)  ,  Loss/total: 0.66693  ,  Loss/giou: 0.27553  ,  Loss/l1: 0.02317  ,  IoU: 0.74370
[train: 3, 750 / 1875] FPS: 30.6 (36.3)  ,  Loss/total: 0.66913  ,  Loss/giou: 0.27642  ,  Loss/l1: 0.02326  ,  IoU: 0.74351
[train: 3, 800 / 1875] FPS: 30.7 (35.7)  ,  Loss/total: 0.67274  ,  Loss/giou: 0.27776  ,  Loss/l1: 0.02344  ,  IoU: 0.74290
[train: 3, 850 / 1875] FPS: 30.7 (35.9)  ,  Loss/total: 0.67064  ,  Loss/giou: 0.27701  ,  Loss/l1: 0.02332  ,  IoU: 0.74374
[train: 3, 900 / 1875] FPS: 30.8 (36.4)  ,  Loss/total: 0.66782  ,  Loss/giou: 0.27583  ,  Loss/l1: 0.02323  ,  IoU: 0.74395
[train: 3, 950 / 1875] FPS: 30.9 (36.0)  ,  Loss/total: 0.67063  ,  Loss/giou: 0.27688  ,  Loss/l1: 0.02338  ,  IoU: 0.74241
[train: 3, 1000 / 1875] FPS: 30.9 (36.1)  ,  Loss/total: 0.66858  ,  Loss/giou: 0.27604  ,  Loss/l1: 0.02330  ,  IoU: 0.74244
[train: 3, 1050 / 1875] FPS: 30.9 (36.1)  ,  Loss/total: 0.66702  ,  Loss/giou: 0.27551  ,  Loss/l1: 0.02320  ,  IoU: 0.74211
[train: 3, 1100 / 1875] FPS: 31.0 (36.0)  ,  Loss/total: 0.66474  ,  Loss/giou: 0.27473  ,  Loss/l1: 0.02306  ,  IoU: 0.74207
[train: 3, 1150 / 1875] FPS: 31.0 (35.7)  ,  Loss/total: 0.66406  ,  Loss/giou: 0.27452  ,  Loss/l1: 0.02301  ,  IoU: 0.74256
[train: 3, 1200 / 1875] FPS: 31.1 (36.3)  ,  Loss/total: 0.66224  ,  Loss/giou: 0.27392  ,  Loss/l1: 0.02288  ,  IoU: 0.74326
[train: 3, 1250 / 1875] FPS: 31.1 (35.8)  ,  Loss/total: 0.66061  ,  Loss/giou: 0.27336  ,  Loss/l1: 0.02278  ,  IoU: 0.74399
[train: 3, 1300 / 1875] FPS: 31.0 (36.0)  ,  Loss/total: 0.65916  ,  Loss/giou: 0.27285  ,  Loss/l1: 0.02269  ,  IoU: 0.74460
[train: 3, 1350 / 1875] FPS: 31.1 (36.3)  ,  Loss/total: 0.65834  ,  Loss/giou: 0.27230  ,  Loss/l1: 0.02275  ,  IoU: 0.74463
[train: 3, 1400 / 1875] FPS: 31.1 (35.9)  ,  Loss/total: 0.65859  ,  Loss/giou: 0.27234  ,  Loss/l1: 0.02278  ,  IoU: 0.74484
[train: 3, 1450 / 1875] FPS: 31.2 (36.3)  ,  Loss/total: 0.65719  ,  Loss/giou: 0.27179  ,  Loss/l1: 0.02272  ,  IoU: 0.74414
[train: 3, 1500 / 1875] FPS: 31.2 (22.5)  ,  Loss/total: 0.65655  ,  Loss/giou: 0.27158  ,  Loss/l1: 0.02268  ,  IoU: 0.74453
[train: 3, 1550 / 1875] FPS: 31.2 (36.4)  ,  Loss/total: 0.65826  ,  Loss/giou: 0.27214  ,  Loss/l1: 0.02280  ,  IoU: 0.74444
[train: 3, 1600 / 1875] FPS: 31.2 (17.9)  ,  Loss/total: 0.65789  ,  Loss/giou: 0.27204  ,  Loss/l1: 0.02276  ,  IoU: 0.74479
[train: 3, 1650 / 1875] FPS: 31.2 (36.2)  ,  Loss/total: 0.65828  ,  Loss/giou: 0.27213  ,  Loss/l1: 0.02280  ,  IoU: 0.74434
[train: 3, 1700 / 1875] FPS: 31.2 (35.4)  ,  Loss/total: 0.65796  ,  Loss/giou: 0.27202  ,  Loss/l1: 0.02278  ,  IoU: 0.74457
[train: 3, 1750 / 1875] FPS: 31.2 (36.3)  ,  Loss/total: 0.65908  ,  Loss/giou: 0.27245  ,  Loss/l1: 0.02284  ,  IoU: 0.74442
[train: 3, 1800 / 1875] FPS: 31.2 (35.7)  ,  Loss/total: 0.65934  ,  Loss/giou: 0.27258  ,  Loss/l1: 0.02283  ,  IoU: 0.74453
[train: 3, 1850 / 1875] FPS: 31.2 (36.2)  ,  Loss/total: 0.65857  ,  Loss/giou: 0.27234  ,  Loss/l1: 0.02278  ,  IoU: 0.74433
[train: 3, 1875 / 1875] FPS: 31.2 (40.2)  ,  Loss/total: 0.65839  ,  Loss/giou: 0.27232  ,  Loss/l1: 0.02275  ,  IoU: 0.74442
[train: 4, 50 / 1875] FPS: 23.6 (36.4)  ,  Loss/total: 0.63651  ,  Loss/giou: 0.26360  ,  Loss/l1: 0.02186  ,  IoU: 0.75981
[train: 4, 100 / 1875] FPS: 26.9 (36.0)  ,  Loss/total: 0.64979  ,  Loss/giou: 0.26960  ,  Loss/l1: 0.02212  ,  IoU: 0.75514
[train: 4, 150 / 1875] FPS: 28.4 (36.4)  ,  Loss/total: 0.64137  ,  Loss/giou: 0.26470  ,  Loss/l1: 0.02239  ,  IoU: 0.75223
[train: 4, 200 / 1875] FPS: 29.2 (36.0)  ,  Loss/total: 0.63716  ,  Loss/giou: 0.26342  ,  Loss/l1: 0.02206  ,  IoU: 0.74936
[train: 4, 250 / 1875] FPS: 29.5 (36.3)  ,  Loss/total: 0.63624  ,  Loss/giou: 0.26358  ,  Loss/l1: 0.02182  ,  IoU: 0.75087
[train: 4, 300 / 1875] FPS: 30.1 (36.0)  ,  Loss/total: 0.63820  ,  Loss/giou: 0.26389  ,  Loss/l1: 0.02208  ,  IoU: 0.74898
[train: 4, 350 / 1875] FPS: 30.3 (36.0)  ,  Loss/total: 0.64109  ,  Loss/giou: 0.26506  ,  Loss/l1: 0.02219  ,  IoU: 0.74639
[train: 4, 400 / 1875] FPS: 30.4 (35.9)  ,  Loss/total: 0.64337  ,  Loss/giou: 0.26596  ,  Loss/l1: 0.02229  ,  IoU: 0.74713
[train: 4, 450 / 1875] FPS: 30.6 (35.6)  ,  Loss/total: 0.64081  ,  Loss/giou: 0.26513  ,  Loss/l1: 0.02211  ,  IoU: 0.74878
[train: 4, 500 / 1875] FPS: 30.7 (37.9)  ,  Loss/total: 0.64411  ,  Loss/giou: 0.26623  ,  Loss/l1: 0.02233  ,  IoU: 0.74708
[train: 4, 550 / 1875] FPS: 30.6 (35.5)  ,  Loss/total: 0.64637  ,  Loss/giou: 0.26713  ,  Loss/l1: 0.02242  ,  IoU: 0.74744
[train: 4, 600 / 1875] FPS: 30.7 (36.3)  ,  Loss/total: 0.64188  ,  Loss/giou: 0.26539  ,  Loss/l1: 0.02222  ,  IoU: 0.74794
[train: 4, 650 / 1875] FPS: 30.8 (36.1)  ,  Loss/total: 0.64028  ,  Loss/giou: 0.26500  ,  Loss/l1: 0.02206  ,  IoU: 0.74898
[train: 4, 700 / 1875] FPS: 30.8 (36.3)  ,  Loss/total: 0.63833  ,  Loss/giou: 0.26424  ,  Loss/l1: 0.02197  ,  IoU: 0.75023
[train: 4, 750 / 1875] FPS: 30.8 (14.2)  ,  Loss/total: 0.63672  ,  Loss/giou: 0.26369  ,  Loss/l1: 0.02187  ,  IoU: 0.74963
[train: 4, 800 / 1875] FPS: 30.9 (36.1)  ,  Loss/total: 0.63666  ,  Loss/giou: 0.26372  ,  Loss/l1: 0.02184  ,  IoU: 0.75029
[train: 4, 850 / 1875] FPS: 30.9 (36.1)  ,  Loss/total: 0.63713  ,  Loss/giou: 0.26396  ,  Loss/l1: 0.02184  ,  IoU: 0.75064
[train: 4, 900 / 1875] FPS: 31.0 (36.3)  ,  Loss/total: 0.63625  ,  Loss/giou: 0.26357  ,  Loss/l1: 0.02182  ,  IoU: 0.75142
[train: 4, 950 / 1875] FPS: 31.0 (18.3)  ,  Loss/total: 0.63689  ,  Loss/giou: 0.26389  ,  Loss/l1: 0.02182  ,  IoU: 0.75155
[train: 4, 1000 / 1875] FPS: 31.1 (37.8)  ,  Loss/total: 0.63890  ,  Loss/giou: 0.26464  ,  Loss/l1: 0.02192  ,  IoU: 0.75128
[train: 4, 1050 / 1875] FPS: 31.1 (36.3)  ,  Loss/total: 0.64148  ,  Loss/giou: 0.26555  ,  Loss/l1: 0.02208  ,  IoU: 0.75096
[train: 4, 1100 / 1875] FPS: 31.1 (42.2)  ,  Loss/total: 0.64166  ,  Loss/giou: 0.26555  ,  Loss/l1: 0.02211  ,  IoU: 0.75133
[train: 4, 1150 / 1875] FPS: 31.1 (35.5)  ,  Loss/total: 0.64277  ,  Loss/giou: 0.26606  ,  Loss/l1: 0.02213  ,  IoU: 0.75121
[train: 4, 1200 / 1875] FPS: 31.1 (30.5)  ,  Loss/total: 0.64403  ,  Loss/giou: 0.26653  ,  Loss/l1: 0.02219  ,  IoU: 0.75111
[train: 4, 1250 / 1875] FPS: 31.2 (36.1)  ,  Loss/total: 0.64550  ,  Loss/giou: 0.26712  ,  Loss/l1: 0.02225  ,  IoU: 0.75087
[train: 4, 1300 / 1875] FPS: 31.2 (35.7)  ,  Loss/total: 0.64511  ,  Loss/giou: 0.26701  ,  Loss/l1: 0.02222  ,  IoU: 0.75111
[train: 4, 1350 / 1875] FPS: 31.2 (31.1)  ,  Loss/total: 0.64369  ,  Loss/giou: 0.26648  ,  Loss/l1: 0.02215  ,  IoU: 0.75097
[train: 4, 1400 / 1875] FPS: 31.3 (35.6)  ,  Loss/total: 0.64152  ,  Loss/giou: 0.26571  ,  Loss/l1: 0.02202  ,  IoU: 0.75102
[train: 4, 1450 / 1875] FPS: 31.3 (38.7)  ,  Loss/total: 0.64156  ,  Loss/giou: 0.26581  ,  Loss/l1: 0.02199  ,  IoU: 0.75110
[train: 4, 1500 / 1875] FPS: 31.3 (41.7)  ,  Loss/total: 0.64166  ,  Loss/giou: 0.26587  ,  Loss/l1: 0.02198  ,  IoU: 0.75059
[train: 4, 1550 / 1875] FPS: 31.3 (37.4)  ,  Loss/total: 0.64101  ,  Loss/giou: 0.26562  ,  Loss/l1: 0.02195  ,  IoU: 0.75103
[train: 4, 1600 / 1875] FPS: 31.3 (13.5)  ,  Loss/total: 0.63951  ,  Loss/giou: 0.26501  ,  Loss/l1: 0.02190  ,  IoU: 0.75109
[train: 4, 1650 / 1875] FPS: 31.3 (37.8)  ,  Loss/total: 0.63910  ,  Loss/giou: 0.26478  ,  Loss/l1: 0.02191  ,  IoU: 0.75098
[train: 4, 1700 / 1875] FPS: 31.3 (36.2)  ,  Loss/total: 0.63844  ,  Loss/giou: 0.26450  ,  Loss/l1: 0.02189  ,  IoU: 0.75087
[train: 4, 1750 / 1875] FPS: 31.3 (35.6)  ,  Loss/total: 0.63886  ,  Loss/giou: 0.26471  ,  Loss/l1: 0.02189  ,  IoU: 0.75085
[train: 4, 1800 / 1875] FPS: 31.3 (18.5)  ,  Loss/total: 0.64006  ,  Loss/giou: 0.26522  ,  Loss/l1: 0.02192  ,  IoU: 0.75081
[train: 4, 1850 / 1875] FPS: 31.3 (35.9)  ,  Loss/total: 0.63932  ,  Loss/giou: 0.26502  ,  Loss/l1: 0.02185  ,  IoU: 0.75106
[train: 4, 1875 / 1875] FPS: 31.3 (32.8)  ,  Loss/total: 0.63926  ,  Loss/giou: 0.26498  ,  Loss/l1: 0.02186  ,  IoU: 0.75124
[train: 5, 50 / 1875] FPS: 23.5 (35.8)  ,  Loss/total: 0.59688  ,  Loss/giou: 0.25178  ,  Loss/l1: 0.01867  ,  IoU: 0.76651
[train: 5, 100 / 1875] FPS: 26.7 (36.2)  ,  Loss/total: 0.62102  ,  Loss/giou: 0.26031  ,  Loss/l1: 0.02008  ,  IoU: 0.76049
[train: 5, 150 / 1875] FPS: 28.1 (36.0)  ,  Loss/total: 0.62655  ,  Loss/giou: 0.26122  ,  Loss/l1: 0.02082  ,  IoU: 0.76031
[train: 5, 200 / 1875] FPS: 28.9 (36.5)  ,  Loss/total: 0.62068  ,  Loss/giou: 0.25915  ,  Loss/l1: 0.02048  ,  IoU: 0.75710
[train: 5, 250 / 1875] FPS: 29.2 (14.2)  ,  Loss/total: 0.63068  ,  Loss/giou: 0.26239  ,  Loss/l1: 0.02118  ,  IoU: 0.75158
[train: 5, 300 / 1875] FPS: 29.6 (36.1)  ,  Loss/total: 0.64435  ,  Loss/giou: 0.26754  ,  Loss/l1: 0.02185  ,  IoU: 0.74886
[train: 5, 350 / 1875] FPS: 29.8 (35.4)  ,  Loss/total: 0.63580  ,  Loss/giou: 0.26397  ,  Loss/l1: 0.02157  ,  IoU: 0.75008
[train: 5, 400 / 1875] FPS: 30.0 (35.6)  ,  Loss/total: 0.63071  ,  Loss/giou: 0.26222  ,  Loss/l1: 0.02125  ,  IoU: 0.75243
[train: 5, 450 / 1875] FPS: 30.1 (29.3)  ,  Loss/total: 0.63519  ,  Loss/giou: 0.26397  ,  Loss/l1: 0.02145  ,  IoU: 0.75197
[train: 5, 500 / 1875] FPS: 30.2 (36.2)  ,  Loss/total: 0.63509  ,  Loss/giou: 0.26397  ,  Loss/l1: 0.02143  ,  IoU: 0.75270
[train: 5, 550 / 1875] FPS: 30.3 (36.1)  ,  Loss/total: 0.63575  ,  Loss/giou: 0.26410  ,  Loss/l1: 0.02151  ,  IoU: 0.75337
[train: 5, 600 / 1875] FPS: 30.5 (36.4)  ,  Loss/total: 0.63342  ,  Loss/giou: 0.26304  ,  Loss/l1: 0.02147  ,  IoU: 0.75320
[train: 5, 650 / 1875] FPS: 30.6 (24.5)  ,  Loss/total: 0.63250  ,  Loss/giou: 0.26277  ,  Loss/l1: 0.02139  ,  IoU: 0.75225
[train: 5, 700 / 1875] FPS: 30.7 (35.8)  ,  Loss/total: 0.62658  ,  Loss/giou: 0.26059  ,  Loss/l1: 0.02108  ,  IoU: 0.75443
[train: 5, 750 / 1875] FPS: 30.6 (36.0)  ,  Loss/total: 0.62647  ,  Loss/giou: 0.26057  ,  Loss/l1: 0.02106  ,  IoU: 0.75506
[train: 5, 800 / 1875] FPS: 30.7 (36.3)  ,  Loss/total: 0.62755  ,  Loss/giou: 0.26102  ,  Loss/l1: 0.02110  ,  IoU: 0.75507
[train: 5, 850 / 1875] FPS: 30.7 (20.7)  ,  Loss/total: 0.62561  ,  Loss/giou: 0.26021  ,  Loss/l1: 0.02104  ,  IoU: 0.75474
[train: 5, 900 / 1875] FPS: 30.8 (35.6)  ,  Loss/total: 0.62684  ,  Loss/giou: 0.26058  ,  Loss/l1: 0.02114  ,  IoU: 0.75491
[train: 5, 950 / 1875] FPS: 30.8 (36.0)  ,  Loss/total: 0.62656  ,  Loss/giou: 0.26052  ,  Loss/l1: 0.02110  ,  IoU: 0.75535
[train: 5, 1000 / 1875] FPS: 30.9 (36.2)  ,  Loss/total: 0.62652  ,  Loss/giou: 0.26051  ,  Loss/l1: 0.02110  ,  IoU: 0.75560
[train: 5, 1050 / 1875] FPS: 30.9 (34.8)  ,  Loss/total: 0.62648  ,  Loss/giou: 0.26047  ,  Loss/l1: 0.02111  ,  IoU: 0.75587
[train: 5, 1100 / 1875] FPS: 30.9 (36.0)  ,  Loss/total: 0.62481  ,  Loss/giou: 0.25978  ,  Loss/l1: 0.02105  ,  IoU: 0.75671
[train: 5, 1150 / 1875] FPS: 31.0 (36.1)  ,  Loss/total: 0.62590  ,  Loss/giou: 0.26010  ,  Loss/l1: 0.02114  ,  IoU: 0.75670
[train: 5, 1200 / 1875] FPS: 30.9 (43.2)  ,  Loss/total: 0.62675  ,  Loss/giou: 0.26042  ,  Loss/l1: 0.02118  ,  IoU: 0.75581
[train: 5, 1250 / 1875] FPS: 31.0 (37.1)  ,  Loss/total: 0.62498  ,  Loss/giou: 0.25962  ,  Loss/l1: 0.02115  ,  IoU: 0.75588
[train: 5, 1300 / 1875] FPS: 31.0 (37.8)  ,  Loss/total: 0.62550  ,  Loss/giou: 0.25970  ,  Loss/l1: 0.02122  ,  IoU: 0.75533
[train: 5, 1350 / 1875] FPS: 31.0 (24.7)  ,  Loss/total: 0.62716  ,  Loss/giou: 0.26032  ,  Loss/l1: 0.02130  ,  IoU: 0.75517
[train: 5, 1400 / 1875] FPS: 31.0 (35.9)  ,  Loss/total: 0.62720  ,  Loss/giou: 0.26040  ,  Loss/l1: 0.02128  ,  IoU: 0.75532
[train: 5, 1450 / 1875] FPS: 31.0 (36.1)  ,  Loss/total: 0.62562  ,  Loss/giou: 0.25978  ,  Loss/l1: 0.02121  ,  IoU: 0.75609
[train: 5, 1500 / 1875] FPS: 31.1 (34.8)  ,  Loss/total: 0.62539  ,  Loss/giou: 0.25965  ,  Loss/l1: 0.02122  ,  IoU: 0.75642
[train: 5, 1550 / 1875] FPS: 31.0 (13.8)  ,  Loss/total: 0.62513  ,  Loss/giou: 0.25957  ,  Loss/l1: 0.02120  ,  IoU: 0.75667
[train: 5, 1600 / 1875] FPS: 31.1 (35.6)  ,  Loss/total: 0.62572  ,  Loss/giou: 0.25978  ,  Loss/l1: 0.02123  ,  IoU: 0.75538
[train: 5, 1650 / 1875] FPS: 31.1 (36.2)  ,  Loss/total: 0.62525  ,  Loss/giou: 0.25965  ,  Loss/l1: 0.02119  ,  IoU: 0.75559
[train: 5, 1700 / 1875] FPS: 31.1 (35.9)  ,  Loss/total: 0.62385  ,  Loss/giou: 0.25911  ,  Loss/l1: 0.02113  ,  IoU: 0.75619
[train: 5, 1750 / 1875] FPS: 31.2 (12.2)  ,  Loss/total: 0.62444  ,  Loss/giou: 0.25932  ,  Loss/l1: 0.02116  ,  IoU: 0.75616
[train: 5, 1800 / 1875] FPS: 31.1 (35.9)  ,  Loss/total: 0.62429  ,  Loss/giou: 0.25933  ,  Loss/l1: 0.02113  ,  IoU: 0.75631
[train: 5, 1850 / 1875] FPS: 31.1 (35.9)  ,  Loss/total: 0.62402  ,  Loss/giou: 0.25929  ,  Loss/l1: 0.02109  ,  IoU: 0.75642
[train: 5, 1875 / 1875] FPS: 31.2 (32.8)  ,  Loss/total: 0.62458  ,  Loss/giou: 0.25947  ,  Loss/l1: 0.02113  ,  IoU: 0.75634
[train: 6, 50 / 1875] FPS: 24.5 (36.2)  ,  Loss/total: 0.59518  ,  Loss/giou: 0.25113  ,  Loss/l1: 0.01859  ,  IoU: 0.76736
[train: 6, 100 / 1875] FPS: 27.5 (42.3)  ,  Loss/total: 0.63876  ,  Loss/giou: 0.26597  ,  Loss/l1: 0.02137  ,  IoU: 0.75745
[train: 6, 150 / 1875] FPS: 28.6 (36.2)  ,  Loss/total: 0.65188  ,  Loss/giou: 0.27108  ,  Loss/l1: 0.02194  ,  IoU: 0.75361
[train: 6, 200 / 1875] FPS: 29.4 (36.1)  ,  Loss/total: 0.63504  ,  Loss/giou: 0.26445  ,  Loss/l1: 0.02123  ,  IoU: 0.75833
[train: 6, 250 / 1875] FPS: 29.9 (35.1)  ,  Loss/total: 0.63853  ,  Loss/giou: 0.26542  ,  Loss/l1: 0.02154  ,  IoU: 0.75778
[train: 6, 300 / 1875] FPS: 30.1 (36.0)  ,  Loss/total: 0.63540  ,  Loss/giou: 0.26399  ,  Loss/l1: 0.02149  ,  IoU: 0.75903
[train: 6, 350 / 1875] FPS: 30.2 (36.1)  ,  Loss/total: 0.63207  ,  Loss/giou: 0.26213  ,  Loss/l1: 0.02156  ,  IoU: 0.75778
[train: 6, 400 / 1875] FPS: 30.4 (36.1)  ,  Loss/total: 0.62623  ,  Loss/giou: 0.25996  ,  Loss/l1: 0.02126  ,  IoU: 0.75971
[train: 6, 450 / 1875] FPS: 30.5 (13.0)  ,  Loss/total: 0.62592  ,  Loss/giou: 0.26010  ,  Loss/l1: 0.02114  ,  IoU: 0.75974
[train: 6, 500 / 1875] FPS: 30.6 (35.9)  ,  Loss/total: 0.62532  ,  Loss/giou: 0.26006  ,  Loss/l1: 0.02104  ,  IoU: 0.75979
[train: 6, 550 / 1875] FPS: 30.8 (36.0)  ,  Loss/total: 0.62531  ,  Loss/giou: 0.25989  ,  Loss/l1: 0.02111  ,  IoU: 0.75835
[train: 6, 600 / 1875] FPS: 30.9 (35.9)  ,  Loss/total: 0.62877  ,  Loss/giou: 0.26124  ,  Loss/l1: 0.02126  ,  IoU: 0.75748
[train: 6, 650 / 1875] FPS: 30.9 (35.9)  ,  Loss/total: 0.63086  ,  Loss/giou: 0.26193  ,  Loss/l1: 0.02140  ,  IoU: 0.75730
[train: 6, 700 / 1875] FPS: 30.9 (36.3)  ,  Loss/total: 0.63053  ,  Loss/giou: 0.26181  ,  Loss/l1: 0.02138  ,  IoU: 0.75736
[train: 6, 750 / 1875] FPS: 30.9 (36.0)  ,  Loss/total: 0.63184  ,  Loss/giou: 0.26213  ,  Loss/l1: 0.02152  ,  IoU: 0.75727
[train: 6, 800 / 1875] FPS: 30.9 (35.8)  ,  Loss/total: 0.63325  ,  Loss/giou: 0.26244  ,  Loss/l1: 0.02167  ,  IoU: 0.75484
[train: 6, 850 / 1875] FPS: 31.0 (36.2)  ,  Loss/total: 0.63165  ,  Loss/giou: 0.26173  ,  Loss/l1: 0.02164  ,  IoU: 0.75473
[train: 6, 900 / 1875] FPS: 31.0 (36.2)  ,  Loss/total: 0.63076  ,  Loss/giou: 0.26160  ,  Loss/l1: 0.02151  ,  IoU: 0.75507
[train: 6, 950 / 1875] FPS: 31.0 (36.2)  ,  Loss/total: 0.63027  ,  Loss/giou: 0.26140  ,  Loss/l1: 0.02149  ,  IoU: 0.75547
[train: 6, 1000 / 1875] FPS: 31.1 (36.2)  ,  Loss/total: 0.62930  ,  Loss/giou: 0.26103  ,  Loss/l1: 0.02145  ,  IoU: 0.75605
[train: 6, 1050 / 1875] FPS: 31.1 (36.1)  ,  Loss/total: 0.62720  ,  Loss/giou: 0.26020  ,  Loss/l1: 0.02136  ,  IoU: 0.75589
[train: 6, 1100 / 1875] FPS: 31.1 (36.1)  ,  Loss/total: 0.62605  ,  Loss/giou: 0.25985  ,  Loss/l1: 0.02127  ,  IoU: 0.75644
[train: 6, 1150 / 1875] FPS: 31.3 (36.0)  ,  Loss/total: 0.62673  ,  Loss/giou: 0.25999  ,  Loss/l1: 0.02135  ,  IoU: 0.75666
[train: 6, 1200 / 1875] FPS: 31.2 (35.9)  ,  Loss/total: 0.62694  ,  Loss/giou: 0.26003  ,  Loss/l1: 0.02137  ,  IoU: 0.75686
[train: 6, 1250 / 1875] FPS: 31.3 (35.0)  ,  Loss/total: 0.62636  ,  Loss/giou: 0.25987  ,  Loss/l1: 0.02132  ,  IoU: 0.75708
[train: 6, 1300 / 1875] FPS: 31.3 (35.8)  ,  Loss/total: 0.62620  ,  Loss/giou: 0.25982  ,  Loss/l1: 0.02131  ,  IoU: 0.75737
[train: 6, 1350 / 1875] FPS: 31.3 (35.9)  ,  Loss/total: 0.62714  ,  Loss/giou: 0.26010  ,  Loss/l1: 0.02139  ,  IoU: 0.75741
[train: 6, 1400 / 1875] FPS: 31.3 (36.3)  ,  Loss/total: 0.62605  ,  Loss/giou: 0.25972  ,  Loss/l1: 0.02132  ,  IoU: 0.75793
[train: 6, 1450 / 1875] FPS: 31.3 (15.3)  ,  Loss/total: 0.62489  ,  Loss/giou: 0.25928  ,  Loss/l1: 0.02127  ,  IoU: 0.75767
[train: 6, 1500 / 1875] FPS: 31.3 (36.0)  ,  Loss/total: 0.62572  ,  Loss/giou: 0.25953  ,  Loss/l1: 0.02133  ,  IoU: 0.75772
[train: 6, 1550 / 1875] FPS: 31.4 (35.4)  ,  Loss/total: 0.62587  ,  Loss/giou: 0.25960  ,  Loss/l1: 0.02133  ,  IoU: 0.75787
[train: 6, 1600 / 1875] FPS: 31.3 (35.6)  ,  Loss/total: 0.62464  ,  Loss/giou: 0.25907  ,  Loss/l1: 0.02130  ,  IoU: 0.75792
[train: 6, 1650 / 1875] FPS: 31.4 (35.9)  ,  Loss/total: 0.62465  ,  Loss/giou: 0.25907  ,  Loss/l1: 0.02130  ,  IoU: 0.75814
[train: 6, 1700 / 1875] FPS: 31.4 (36.0)  ,  Loss/total: 0.62449  ,  Loss/giou: 0.25902  ,  Loss/l1: 0.02129  ,  IoU: 0.75834
[train: 6, 1750 / 1875] FPS: 31.4 (35.3)  ,  Loss/total: 0.62394  ,  Loss/giou: 0.25886  ,  Loss/l1: 0.02125  ,  IoU: 0.75854
[train: 6, 1800 / 1875] FPS: 31.3 (36.0)  ,  Loss/total: 0.62297  ,  Loss/giou: 0.25838  ,  Loss/l1: 0.02124  ,  IoU: 0.75799
[train: 6, 1850 / 1875] FPS: 31.4 (35.1)  ,  Loss/total: 0.62221  ,  Loss/giou: 0.25819  ,  Loss/l1: 0.02117  ,  IoU: 0.75816
[train: 6, 1875 / 1875] FPS: 31.4 (33.3)  ,  Loss/total: 0.62208  ,  Loss/giou: 0.25810  ,  Loss/l1: 0.02118  ,  IoU: 0.75834
[train: 7, 50 / 1875] FPS: 24.4 (24.9)  ,  Loss/total: 0.60113  ,  Loss/giou: 0.25104  ,  Loss/l1: 0.01981  ,  IoU: 0.77107
[train: 7, 100 / 1875] FPS: 26.6 (36.1)  ,  Loss/total: 0.59075  ,  Loss/giou: 0.24724  ,  Loss/l1: 0.01925  ,  IoU: 0.76133
[train: 7, 150 / 1875] FPS: 28.0 (35.7)  ,  Loss/total: 0.58121  ,  Loss/giou: 0.24267  ,  Loss/l1: 0.01917  ,  IoU: 0.76860
[train: 7, 200 / 1875] FPS: 28.7 (36.1)  ,  Loss/total: 0.59672  ,  Loss/giou: 0.24840  ,  Loss/l1: 0.01998  ,  IoU: 0.76631
[train: 7, 250 / 1875] FPS: 29.2 (36.0)  ,  Loss/total: 0.60536  ,  Loss/giou: 0.25139  ,  Loss/l1: 0.02052  ,  IoU: 0.76062
[train: 7, 300 / 1875] FPS: 29.3 (14.2)  ,  Loss/total: 0.59524  ,  Loss/giou: 0.24825  ,  Loss/l1: 0.01975  ,  IoU: 0.76415
[train: 7, 350 / 1875] FPS: 29.6 (36.0)  ,  Loss/total: 0.59207  ,  Loss/giou: 0.24732  ,  Loss/l1: 0.01949  ,  IoU: 0.76568
[train: 7, 400 / 1875] FPS: 29.8 (36.0)  ,  Loss/total: 0.59282  ,  Loss/giou: 0.24782  ,  Loss/l1: 0.01944  ,  IoU: 0.76609
[train: 7, 450 / 1875] FPS: 29.9 (36.0)  ,  Loss/total: 0.59604  ,  Loss/giou: 0.24895  ,  Loss/l1: 0.01963  ,  IoU: 0.76614
[train: 7, 500 / 1875] FPS: 30.0 (16.7)  ,  Loss/total: 0.59693  ,  Loss/giou: 0.24937  ,  Loss/l1: 0.01964  ,  IoU: 0.76611
[train: 7, 550 / 1875] FPS: 30.2 (36.1)  ,  Loss/total: 0.59877  ,  Loss/giou: 0.24998  ,  Loss/l1: 0.01976  ,  IoU: 0.76612
[train: 7, 600 / 1875] FPS: 30.2 (35.6)  ,  Loss/total: 0.59919  ,  Loss/giou: 0.25016  ,  Loss/l1: 0.01977  ,  IoU: 0.76634
[train: 7, 650 / 1875] FPS: 30.3 (35.7)  ,  Loss/total: 0.60258  ,  Loss/giou: 0.25138  ,  Loss/l1: 0.01996  ,  IoU: 0.76584
[train: 7, 700 / 1875] FPS: 30.3 (10.4)  ,  Loss/total: 0.60072  ,  Loss/giou: 0.25079  ,  Loss/l1: 0.01983  ,  IoU: 0.76629
[train: 7, 750 / 1875] FPS: 30.3 (35.8)  ,  Loss/total: 0.60047  ,  Loss/giou: 0.25067  ,  Loss/l1: 0.01983  ,  IoU: 0.76686
[train: 7, 800 / 1875] FPS: 30.4 (36.3)  ,  Loss/total: 0.59837  ,  Loss/giou: 0.24978  ,  Loss/l1: 0.01976  ,  IoU: 0.76787
[train: 7, 850 / 1875] FPS: 30.5 (36.6)  ,  Loss/total: 0.59589  ,  Loss/giou: 0.24883  ,  Loss/l1: 0.01965  ,  IoU: 0.76871
[train: 7, 900 / 1875] FPS: 30.5 (27.2)  ,  Loss/total: 0.59594  ,  Loss/giou: 0.24879  ,  Loss/l1: 0.01967  ,  IoU: 0.76772
[train: 7, 950 / 1875] FPS: 30.6 (35.8)  ,  Loss/total: 0.59831  ,  Loss/giou: 0.24977  ,  Loss/l1: 0.01975  ,  IoU: 0.76718
[train: 7, 1000 / 1875] FPS: 30.7 (35.9)  ,  Loss/total: 0.59925  ,  Loss/giou: 0.25004  ,  Loss/l1: 0.01983  ,  IoU: 0.76606
[train: 7, 1050 / 1875] FPS: 30.8 (36.1)  ,  Loss/total: 0.59907  ,  Loss/giou: 0.25001  ,  Loss/l1: 0.01981  ,  IoU: 0.76628
[train: 7, 1100 / 1875] FPS: 30.8 (35.5)  ,  Loss/total: 0.59939  ,  Loss/giou: 0.25009  ,  Loss/l1: 0.01984  ,  IoU: 0.76647
[train: 7, 1150 / 1875] FPS: 30.8 (36.1)  ,  Loss/total: 0.59838  ,  Loss/giou: 0.24969  ,  Loss/l1: 0.01980  ,  IoU: 0.76611
[train: 7, 1200 / 1875] FPS: 30.8 (36.0)  ,  Loss/total: 0.59929  ,  Loss/giou: 0.25008  ,  Loss/l1: 0.01983  ,  IoU: 0.76596
[train: 7, 1250 / 1875] FPS: 30.8 (35.9)  ,  Loss/total: 0.60062  ,  Loss/giou: 0.25060  ,  Loss/l1: 0.01988  ,  IoU: 0.76490
[train: 7, 1300 / 1875] FPS: 30.9 (36.1)  ,  Loss/total: 0.59965  ,  Loss/giou: 0.25032  ,  Loss/l1: 0.01980  ,  IoU: 0.76527
[train: 7, 1350 / 1875] FPS: 30.9 (30.3)  ,  Loss/total: 0.60020  ,  Loss/giou: 0.25060  ,  Loss/l1: 0.01980  ,  IoU: 0.76520
[train: 7, 1400 / 1875] FPS: 30.9 (35.3)  ,  Loss/total: 0.59983  ,  Loss/giou: 0.25037  ,  Loss/l1: 0.01982  ,  IoU: 0.76488
[train: 7, 1450 / 1875] FPS: 30.9 (36.0)  ,  Loss/total: 0.60001  ,  Loss/giou: 0.25043  ,  Loss/l1: 0.01983  ,  IoU: 0.76501
[train: 7, 1500 / 1875] FPS: 30.9 (36.3)  ,  Loss/total: 0.60060  ,  Loss/giou: 0.25068  ,  Loss/l1: 0.01985  ,  IoU: 0.76504
[train: 7, 1550 / 1875] FPS: 31.0 (36.3)  ,  Loss/total: 0.59932  ,  Loss/giou: 0.25019  ,  Loss/l1: 0.01979  ,  IoU: 0.76558
[train: 7, 1600 / 1875] FPS: 31.0 (35.6)  ,  Loss/total: 0.59896  ,  Loss/giou: 0.25005  ,  Loss/l1: 0.01977  ,  IoU: 0.76586
[train: 7, 1650 / 1875] FPS: 31.0 (35.8)  ,  Loss/total: 0.59814  ,  Loss/giou: 0.24976  ,  Loss/l1: 0.01973  ,  IoU: 0.76616
[train: 7, 1700 / 1875] FPS: 31.0 (35.5)  ,  Loss/total: 0.59767  ,  Loss/giou: 0.24958  ,  Loss/l1: 0.01970  ,  IoU: 0.76634
[train: 7, 1750 / 1875] FPS: 31.1 (36.2)  ,  Loss/total: 0.59836  ,  Loss/giou: 0.24976  ,  Loss/l1: 0.01977  ,  IoU: 0.76575
[train: 7, 1800 / 1875] FPS: 31.1 (35.5)  ,  Loss/total: 0.59756  ,  Loss/giou: 0.24950  ,  Loss/l1: 0.01971  ,  IoU: 0.76606
[train: 7, 1850 / 1875] FPS: 31.0 (35.9)  ,  Loss/total: 0.59813  ,  Loss/giou: 0.24973  ,  Loss/l1: 0.01973  ,  IoU: 0.76601
[train: 7, 1875 / 1875] FPS: 31.1 (33.0)  ,  Loss/total: 0.59901  ,  Loss/giou: 0.25004  ,  Loss/l1: 0.01979  ,  IoU: 0.76589
[train: 8, 50 / 1875] FPS: 24.1 (36.2)  ,  Loss/total: 0.59851  ,  Loss/giou: 0.25140  ,  Loss/l1: 0.01914  ,  IoU: 0.76653
[train: 8, 100 / 1875] FPS: 27.3 (36.2)  ,  Loss/total: 0.62108  ,  Loss/giou: 0.25796  ,  Loss/l1: 0.02103  ,  IoU: 0.76355
[train: 8, 150 / 1875] FPS: 29.0 (37.9)  ,  Loss/total: 0.59591  ,  Loss/giou: 0.24834  ,  Loss/l1: 0.01985  ,  IoU: 0.76347
[train: 8, 200 / 1875] FPS: 29.6 (38.0)  ,  Loss/total: 0.59349  ,  Loss/giou: 0.24663  ,  Loss/l1: 0.02005  ,  IoU: 0.76252
[train: 8, 250 / 1875] FPS: 29.6 (37.9)  ,  Loss/total: 0.59268  ,  Loss/giou: 0.24622  ,  Loss/l1: 0.02005  ,  IoU: 0.76499
[train: 8, 300 / 1875] FPS: 30.1 (38.2)  ,  Loss/total: 0.58885  ,  Loss/giou: 0.24524  ,  Loss/l1: 0.01967  ,  IoU: 0.76684
[train: 8, 350 / 1875] FPS: 30.3 (37.2)  ,  Loss/total: 0.58465  ,  Loss/giou: 0.24318  ,  Loss/l1: 0.01966  ,  IoU: 0.76385
[train: 8, 400 / 1875] FPS: 30.4 (36.3)  ,  Loss/total: 0.58432  ,  Loss/giou: 0.24334  ,  Loss/l1: 0.01953  ,  IoU: 0.76510
[train: 8, 450 / 1875] FPS: 30.5 (36.3)  ,  Loss/total: 0.58512  ,  Loss/giou: 0.24381  ,  Loss/l1: 0.01950  ,  IoU: 0.76578
[train: 8, 500 / 1875] FPS: 30.6 (35.9)  ,  Loss/total: 0.58552  ,  Loss/giou: 0.24408  ,  Loss/l1: 0.01947  ,  IoU: 0.76642
[train: 8, 550 / 1875] FPS: 30.6 (35.8)  ,  Loss/total: 0.59252  ,  Loss/giou: 0.24636  ,  Loss/l1: 0.01996  ,  IoU: 0.76372
[train: 8, 600 / 1875] FPS: 30.8 (35.9)  ,  Loss/total: 0.59329  ,  Loss/giou: 0.24666  ,  Loss/l1: 0.01999  ,  IoU: 0.76246
[train: 8, 650 / 1875] FPS: 30.8 (37.8)  ,  Loss/total: 0.59370  ,  Loss/giou: 0.24686  ,  Loss/l1: 0.02000  ,  IoU: 0.76311
[train: 8, 700 / 1875] FPS: 30.9 (36.2)  ,  Loss/total: 0.59503  ,  Loss/giou: 0.24716  ,  Loss/l1: 0.02014  ,  IoU: 0.76204
[train: 8, 750 / 1875] FPS: 31.0 (34.8)  ,  Loss/total: 0.59544  ,  Loss/giou: 0.24736  ,  Loss/l1: 0.02014  ,  IoU: 0.76269
[train: 8, 800 / 1875] FPS: 31.0 (35.5)  ,  Loss/total: 0.59541  ,  Loss/giou: 0.24739  ,  Loss/l1: 0.02013  ,  IoU: 0.76333
[train: 8, 850 / 1875] FPS: 31.0 (36.2)  ,  Loss/total: 0.59525  ,  Loss/giou: 0.24742  ,  Loss/l1: 0.02008  ,  IoU: 0.76382
[train: 8, 900 / 1875] FPS: 31.0 (36.5)  ,  Loss/total: 0.59298  ,  Loss/giou: 0.24656  ,  Loss/l1: 0.01997  ,  IoU: 0.76273
[train: 8, 950 / 1875] FPS: 31.1 (39.2)  ,  Loss/total: 0.59397  ,  Loss/giou: 0.24687  ,  Loss/l1: 0.02005  ,  IoU: 0.76323
[train: 8, 1000 / 1875] FPS: 31.1 (37.8)  ,  Loss/total: 0.59368  ,  Loss/giou: 0.24688  ,  Loss/l1: 0.01999  ,  IoU: 0.76360
[train: 8, 1050 / 1875] FPS: 31.1 (36.2)  ,  Loss/total: 0.59291  ,  Loss/giou: 0.24664  ,  Loss/l1: 0.01992  ,  IoU: 0.76411
[train: 8, 1100 / 1875] FPS: 31.2 (36.2)  ,  Loss/total: 0.59342  ,  Loss/giou: 0.24702  ,  Loss/l1: 0.01988  ,  IoU: 0.76409
[train: 8, 1150 / 1875] FPS: 31.2 (35.5)  ,  Loss/total: 0.59367  ,  Loss/giou: 0.24722  ,  Loss/l1: 0.01985  ,  IoU: 0.76430
[train: 8, 1200 / 1875] FPS: 31.2 (36.2)  ,  Loss/total: 0.59175  ,  Loss/giou: 0.24649  ,  Loss/l1: 0.01975  ,  IoU: 0.76516
[train: 8, 1250 / 1875] FPS: 31.3 (35.9)  ,  Loss/total: 0.59252  ,  Loss/giou: 0.24683  ,  Loss/l1: 0.01977  ,  IoU: 0.76522
[train: 8, 1300 / 1875] FPS: 31.3 (35.9)  ,  Loss/total: 0.59234  ,  Loss/giou: 0.24689  ,  Loss/l1: 0.01971  ,  IoU: 0.76530
[train: 8, 1350 / 1875] FPS: 31.3 (35.8)  ,  Loss/total: 0.59333  ,  Loss/giou: 0.24736  ,  Loss/l1: 0.01972  ,  IoU: 0.76508
[train: 8, 1400 / 1875] FPS: 31.3 (29.6)  ,  Loss/total: 0.59301  ,  Loss/giou: 0.24715  ,  Loss/l1: 0.01974  ,  IoU: 0.76550
[train: 8, 1450 / 1875] FPS: 31.4 (35.9)  ,  Loss/total: 0.59335  ,  Loss/giou: 0.24729  ,  Loss/l1: 0.01975  ,  IoU: 0.76487
[train: 8, 1500 / 1875] FPS: 31.4 (35.8)  ,  Loss/total: 0.59326  ,  Loss/giou: 0.24725  ,  Loss/l1: 0.01975  ,  IoU: 0.76453
[train: 8, 1550 / 1875] FPS: 31.4 (35.5)  ,  Loss/total: 0.59246  ,  Loss/giou: 0.24694  ,  Loss/l1: 0.01972  ,  IoU: 0.76509
[train: 8, 1600 / 1875] FPS: 31.4 (35.8)  ,  Loss/total: 0.59243  ,  Loss/giou: 0.24703  ,  Loss/l1: 0.01968  ,  IoU: 0.76516
[train: 8, 1650 / 1875] FPS: 31.4 (36.2)  ,  Loss/total: 0.59334  ,  Loss/giou: 0.24739  ,  Loss/l1: 0.01971  ,  IoU: 0.76504
[train: 8, 1700 / 1875] FPS: 31.4 (32.4)  ,  Loss/total: 0.59334  ,  Loss/giou: 0.24736  ,  Loss/l1: 0.01972  ,  IoU: 0.76534
[train: 8, 1750 / 1875] FPS: 31.4 (22.3)  ,  Loss/total: 0.59221  ,  Loss/giou: 0.24704  ,  Loss/l1: 0.01962  ,  IoU: 0.76576
[train: 8, 1800 / 1875] FPS: 31.4 (36.8)  ,  Loss/total: 0.59204  ,  Loss/giou: 0.24706  ,  Loss/l1: 0.01958  ,  IoU: 0.76583
[train: 8, 1850 / 1875] FPS: 31.5 (36.1)  ,  Loss/total: 0.59292  ,  Loss/giou: 0.24740  ,  Loss/l1: 0.01963  ,  IoU: 0.76580
[train: 8, 1875 / 1875] FPS: 31.5 (36.4)  ,  Loss/total: 0.59361  ,  Loss/giou: 0.24759  ,  Loss/l1: 0.01969  ,  IoU: 0.76578
[train: 9, 50 / 1875] FPS: 23.9 (36.2)  ,  Loss/total: 0.56116  ,  Loss/giou: 0.23448  ,  Loss/l1: 0.01844  ,  IoU: 0.76228
[train: 9, 100 / 1875] FPS: 26.9 (35.6)  ,  Loss/total: 0.56263  ,  Loss/giou: 0.23591  ,  Loss/l1: 0.01816  ,  IoU: 0.77128
[train: 9, 150 / 1875] FPS: 28.3 (35.3)  ,  Loss/total: 0.55870  ,  Loss/giou: 0.23546  ,  Loss/l1: 0.01756  ,  IoU: 0.77393
[train: 9, 200 / 1875] FPS: 28.7 (36.3)  ,  Loss/total: 0.57524  ,  Loss/giou: 0.24209  ,  Loss/l1: 0.01821  ,  IoU: 0.77024
[train: 9, 250 / 1875] FPS: 29.3 (35.8)  ,  Loss/total: 0.57649  ,  Loss/giou: 0.24202  ,  Loss/l1: 0.01849  ,  IoU: 0.77163
[train: 9, 300 / 1875] FPS: 29.5 (35.7)  ,  Loss/total: 0.59002  ,  Loss/giou: 0.24688  ,  Loss/l1: 0.01925  ,  IoU: 0.76875
[train: 9, 350 / 1875] FPS: 29.6 (35.7)  ,  Loss/total: 0.59067  ,  Loss/giou: 0.24705  ,  Loss/l1: 0.01932  ,  IoU: 0.76923
[train: 9, 400 / 1875] FPS: 29.8 (35.7)  ,  Loss/total: 0.59350  ,  Loss/giou: 0.24789  ,  Loss/l1: 0.01955  ,  IoU: 0.76934
[train: 9, 450 / 1875] FPS: 30.0 (36.1)  ,  Loss/total: 0.59669  ,  Loss/giou: 0.24883  ,  Loss/l1: 0.01981  ,  IoU: 0.76898
[train: 9, 500 / 1875] FPS: 30.1 (29.7)  ,  Loss/total: 0.59228  ,  Loss/giou: 0.24696  ,  Loss/l1: 0.01967  ,  IoU: 0.77056
[train: 9, 550 / 1875] FPS: 30.2 (36.0)  ,  Loss/total: 0.59424  ,  Loss/giou: 0.24771  ,  Loss/l1: 0.01976  ,  IoU: 0.77034
[train: 9, 600 / 1875] FPS: 30.2 (35.6)  ,  Loss/total: 0.59360  ,  Loss/giou: 0.24757  ,  Loss/l1: 0.01969  ,  IoU: 0.77059
[train: 9, 650 / 1875] FPS: 30.4 (36.2)  ,  Loss/total: 0.59584  ,  Loss/giou: 0.24830  ,  Loss/l1: 0.01985  ,  IoU: 0.77041
[train: 9, 700 / 1875] FPS: 30.4 (21.6)  ,  Loss/total: 0.59613  ,  Loss/giou: 0.24850  ,  Loss/l1: 0.01982  ,  IoU: 0.77040
[train: 9, 750 / 1875] FPS: 30.5 (35.5)  ,  Loss/total: 0.59635  ,  Loss/giou: 0.24873  ,  Loss/l1: 0.01978  ,  IoU: 0.77021
[train: 9, 800 / 1875] FPS: 30.5 (35.3)  ,  Loss/total: 0.59617  ,  Loss/giou: 0.24867  ,  Loss/l1: 0.01977  ,  IoU: 0.77034
[train: 9, 850 / 1875] FPS: 30.6 (35.9)  ,  Loss/total: 0.59615  ,  Loss/giou: 0.24856  ,  Loss/l1: 0.01981  ,  IoU: 0.77049
[train: 9, 900 / 1875] FPS: 30.6 (35.0)  ,  Loss/total: 0.59614  ,  Loss/giou: 0.24853  ,  Loss/l1: 0.01982  ,  IoU: 0.77059
[train: 9, 950 / 1875] FPS: 30.6 (35.9)  ,  Loss/total: 0.59811  ,  Loss/giou: 0.24925  ,  Loss/l1: 0.01992  ,  IoU: 0.77012
[train: 9, 1000 / 1875] FPS: 30.6 (35.9)  ,  Loss/total: 0.59865  ,  Loss/giou: 0.24962  ,  Loss/l1: 0.01988  ,  IoU: 0.76978
[train: 9, 1050 / 1875] FPS: 30.7 (40.7)  ,  Loss/total: 0.59639  ,  Loss/giou: 0.24882  ,  Loss/l1: 0.01975  ,  IoU: 0.77044
[train: 9, 1100 / 1875] FPS: 30.7 (23.2)  ,  Loss/total: 0.59665  ,  Loss/giou: 0.24890  ,  Loss/l1: 0.01977  ,  IoU: 0.77051
[train: 9, 1150 / 1875] FPS: 30.7 (34.8)  ,  Loss/total: 0.59634  ,  Loss/giou: 0.24879  ,  Loss/l1: 0.01975  ,  IoU: 0.77057
[train: 9, 1200 / 1875] FPS: 30.8 (35.9)  ,  Loss/total: 0.59764  ,  Loss/giou: 0.24931  ,  Loss/l1: 0.01980  ,  IoU: 0.77024
[train: 9, 1250 / 1875] FPS: 30.8 (35.2)  ,  Loss/total: 0.59815  ,  Loss/giou: 0.24947  ,  Loss/l1: 0.01984  ,  IoU: 0.77016
[train: 9, 1300 / 1875] FPS: 30.9 (35.9)  ,  Loss/total: 0.59785  ,  Loss/giou: 0.24936  ,  Loss/l1: 0.01982  ,  IoU: 0.77026
[train: 9, 1350 / 1875] FPS: 30.9 (22.3)  ,  Loss/total: 0.59651  ,  Loss/giou: 0.24889  ,  Loss/l1: 0.01974  ,  IoU: 0.77063
[train: 9, 1400 / 1875] FPS: 30.9 (36.2)  ,  Loss/total: 0.59534  ,  Loss/giou: 0.24836  ,  Loss/l1: 0.01972  ,  IoU: 0.77043
[train: 9, 1450 / 1875] FPS: 30.9 (30.9)  ,  Loss/total: 0.59611  ,  Loss/giou: 0.24861  ,  Loss/l1: 0.01978  ,  IoU: 0.77033
[train: 9, 1500 / 1875] FPS: 30.9 (16.3)  ,  Loss/total: 0.59525  ,  Loss/giou: 0.24816  ,  Loss/l1: 0.01979  ,  IoU: 0.76948
[train: 9, 1550 / 1875] FPS: 31.0 (34.7)  ,  Loss/total: 0.59576  ,  Loss/giou: 0.24841  ,  Loss/l1: 0.01979  ,  IoU: 0.76863
[train: 9, 1600 / 1875] FPS: 31.0 (36.4)  ,  Loss/total: 0.59606  ,  Loss/giou: 0.24846  ,  Loss/l1: 0.01983  ,  IoU: 0.76877
[train: 9, 1650 / 1875] FPS: 31.0 (24.2)  ,  Loss/total: 0.59707  ,  Loss/giou: 0.24878  ,  Loss/l1: 0.01990  ,  IoU: 0.76873
[train: 9, 1700 / 1875] FPS: 31.0 (13.1)  ,  Loss/total: 0.59628  ,  Loss/giou: 0.24850  ,  Loss/l1: 0.01985  ,  IoU: 0.76898
[train: 9, 1750 / 1875] FPS: 31.1 (36.1)  ,  Loss/total: 0.59584  ,  Loss/giou: 0.24837  ,  Loss/l1: 0.01982  ,  IoU: 0.76906
[train: 9, 1800 / 1875] FPS: 31.1 (35.9)  ,  Loss/total: 0.59536  ,  Loss/giou: 0.24827  ,  Loss/l1: 0.01977  ,  IoU: 0.76914
[train: 9, 1850 / 1875] FPS: 31.1 (35.8)  ,  Loss/total: 0.59435  ,  Loss/giou: 0.24783  ,  Loss/l1: 0.01974  ,  IoU: 0.76905
[train: 9, 1875 / 1875] FPS: 31.1 (32.5)  ,  Loss/total: 0.59468  ,  Loss/giou: 0.24795  ,  Loss/l1: 0.01975  ,  IoU: 0.76896
[train: 10, 50 / 1875] FPS: 24.1 (35.9)  ,  Loss/total: 0.56465  ,  Loss/giou: 0.23731  ,  Loss/l1: 0.01800  ,  IoU: 0.77935
[train: 10, 100 / 1875] FPS: 27.2 (36.1)  ,  Loss/total: 0.56863  ,  Loss/giou: 0.23848  ,  Loss/l1: 0.01833  ,  IoU: 0.76854
[train: 10, 150 / 1875] FPS: 28.5 (36.0)  ,  Loss/total: 0.58026  ,  Loss/giou: 0.24306  ,  Loss/l1: 0.01883  ,  IoU: 0.76887
[train: 10, 200 / 1875] FPS: 29.3 (35.7)  ,  Loss/total: 0.58424  ,  Loss/giou: 0.24513  ,  Loss/l1: 0.01880  ,  IoU: 0.76822
[train: 10, 250 / 1875] FPS: 29.6 (36.3)  ,  Loss/total: 0.57441  ,  Loss/giou: 0.24052  ,  Loss/l1: 0.01867  ,  IoU: 0.76559
[train: 10, 300 / 1875] FPS: 29.9 (36.5)  ,  Loss/total: 0.57419  ,  Loss/giou: 0.24047  ,  Loss/l1: 0.01865  ,  IoU: 0.76774
[train: 10, 350 / 1875] FPS: 30.2 (36.3)  ,  Loss/total: 0.57182  ,  Loss/giou: 0.23967  ,  Loss/l1: 0.01850  ,  IoU: 0.76959
[train: 10, 400 / 1875] FPS: 30.4 (36.1)  ,  Loss/total: 0.56858  ,  Loss/giou: 0.23840  ,  Loss/l1: 0.01835  ,  IoU: 0.77163
[train: 10, 450 / 1875] FPS: 30.5 (36.2)  ,  Loss/total: 0.56419  ,  Loss/giou: 0.23648  ,  Loss/l1: 0.01825  ,  IoU: 0.77200
[train: 10, 500 / 1875] FPS: 30.8 (35.1)  ,  Loss/total: 0.56762  ,  Loss/giou: 0.23778  ,  Loss/l1: 0.01841  ,  IoU: 0.77190
[train: 10, 550 / 1875] FPS: 30.8 (34.7)  ,  Loss/total: 0.56676  ,  Loss/giou: 0.23749  ,  Loss/l1: 0.01836  ,  IoU: 0.77306
[train: 10, 600 / 1875] FPS: 30.8 (36.1)  ,  Loss/total: 0.56782  ,  Loss/giou: 0.23783  ,  Loss/l1: 0.01843  ,  IoU: 0.77172
[train: 10, 650 / 1875] FPS: 30.8 (36.1)  ,  Loss/total: 0.56724  ,  Loss/giou: 0.23770  ,  Loss/l1: 0.01837  ,  IoU: 0.77223
[train: 10, 700 / 1875] FPS: 30.8 (36.1)  ,  Loss/total: 0.57121  ,  Loss/giou: 0.23921  ,  Loss/l1: 0.01856  ,  IoU: 0.77183
[train: 10, 750 / 1875] FPS: 30.9 (36.0)  ,  Loss/total: 0.57293  ,  Loss/giou: 0.23997  ,  Loss/l1: 0.01860  ,  IoU: 0.77170
[train: 10, 800 / 1875] FPS: 30.8 (36.1)  ,  Loss/total: 0.57243  ,  Loss/giou: 0.23979  ,  Loss/l1: 0.01857  ,  IoU: 0.77208
[train: 10, 850 / 1875] FPS: 30.9 (36.3)  ,  Loss/total: 0.57386  ,  Loss/giou: 0.24036  ,  Loss/l1: 0.01863  ,  IoU: 0.77199
[train: 10, 900 / 1875] FPS: 31.0 (36.1)  ,  Loss/total: 0.57344  ,  Loss/giou: 0.24004  ,  Loss/l1: 0.01867  ,  IoU: 0.77149
[train: 10, 950 / 1875] FPS: 31.1 (33.4)  ,  Loss/total: 0.57336  ,  Loss/giou: 0.23990  ,  Loss/l1: 0.01871  ,  IoU: 0.76995
[train: 10, 1000 / 1875] FPS: 31.1 (36.2)  ,  Loss/total: 0.57255  ,  Loss/giou: 0.23968  ,  Loss/l1: 0.01864  ,  IoU: 0.77049
[train: 10, 1050 / 1875] FPS: 31.1 (36.6)  ,  Loss/total: 0.57495  ,  Loss/giou: 0.24048  ,  Loss/l1: 0.01880  ,  IoU: 0.77035
[train: 10, 1100 / 1875] FPS: 31.2 (43.4)  ,  Loss/total: 0.57573  ,  Loss/giou: 0.24070  ,  Loss/l1: 0.01887  ,  IoU: 0.77076
[train: 10, 1150 / 1875] FPS: 31.1 (25.1)  ,  Loss/total: 0.57593  ,  Loss/giou: 0.24064  ,  Loss/l1: 0.01893  ,  IoU: 0.77027
[train: 10, 1200 / 1875] FPS: 31.1 (35.9)  ,  Loss/total: 0.57494  ,  Loss/giou: 0.24024  ,  Loss/l1: 0.01889  ,  IoU: 0.77097
[train: 10, 1250 / 1875] FPS: 31.2 (36.0)  ,  Loss/total: 0.57417  ,  Loss/giou: 0.23983  ,  Loss/l1: 0.01890  ,  IoU: 0.77084
[train: 10, 1300 / 1875] FPS: 31.2 (36.1)  ,  Loss/total: 0.57504  ,  Loss/giou: 0.24013  ,  Loss/l1: 0.01896  ,  IoU: 0.77030
[train: 10, 1350 / 1875] FPS: 31.2 (11.6)  ,  Loss/total: 0.57429  ,  Loss/giou: 0.23983  ,  Loss/l1: 0.01892  ,  IoU: 0.77082
[train: 10, 1400 / 1875] FPS: 31.2 (35.6)  ,  Loss/total: 0.57626  ,  Loss/giou: 0.24052  ,  Loss/l1: 0.01904  ,  IoU: 0.77055
[train: 10, 1450 / 1875] FPS: 31.2 (35.7)  ,  Loss/total: 0.57606  ,  Loss/giou: 0.24043  ,  Loss/l1: 0.01904  ,  IoU: 0.77019
[train: 10, 1500 / 1875] FPS: 31.2 (35.8)  ,  Loss/total: 0.57698  ,  Loss/giou: 0.24076  ,  Loss/l1: 0.01909  ,  IoU: 0.77019
[train: 10, 1550 / 1875] FPS: 31.2 (22.5)  ,  Loss/total: 0.57679  ,  Loss/giou: 0.24073  ,  Loss/l1: 0.01906  ,  IoU: 0.77039
[train: 10, 1600 / 1875] FPS: 31.3 (35.5)  ,  Loss/total: 0.57646  ,  Loss/giou: 0.24066  ,  Loss/l1: 0.01903  ,  IoU: 0.77069
[train: 10, 1650 / 1875] FPS: 31.3 (36.2)  ,  Loss/total: 0.57722  ,  Loss/giou: 0.24097  ,  Loss/l1: 0.01905  ,  IoU: 0.77067
[train: 10, 1700 / 1875] FPS: 31.3 (36.0)  ,  Loss/total: 0.57795  ,  Loss/giou: 0.24129  ,  Loss/l1: 0.01908  ,  IoU: 0.77060
[train: 10, 1750 / 1875] FPS: 31.3 (22.8)  ,  Loss/total: 0.57785  ,  Loss/giou: 0.24122  ,  Loss/l1: 0.01908  ,  IoU: 0.77033
[train: 10, 1800 / 1875] FPS: 31.3 (36.2)  ,  Loss/total: 0.57832  ,  Loss/giou: 0.24141  ,  Loss/l1: 0.01910  ,  IoU: 0.77036
[train: 10, 1850 / 1875] FPS: 31.3 (35.6)  ,  Loss/total: 0.57872  ,  Loss/giou: 0.24157  ,  Loss/l1: 0.01912  ,  IoU: 0.77041
[train: 10, 1875 / 1875] FPS: 31.3 (33.2)  ,  Loss/total: 0.57832  ,  Loss/giou: 0.24145  ,  Loss/l1: 0.01908  ,  IoU: 0.77056
[train: 11, 50 / 1875] FPS: 23.8 (35.6)  ,  Loss/total: 0.58975  ,  Loss/giou: 0.24445  ,  Loss/l1: 0.02017  ,  IoU: 0.75405
[train: 11, 100 / 1875] FPS: 26.5 (16.3)  ,  Loss/total: 0.56385  ,  Loss/giou: 0.23397  ,  Loss/l1: 0.01918  ,  IoU: 0.76438
[train: 11, 150 / 1875] FPS: 27.9 (35.4)  ,  Loss/total: 0.56949  ,  Loss/giou: 0.23686  ,  Loss/l1: 0.01915  ,  IoU: 0.76883
[train: 11, 200 / 1875] FPS: 28.8 (41.8)  ,  Loss/total: 0.56619  ,  Loss/giou: 0.23621  ,  Loss/l1: 0.01875  ,  IoU: 0.77237
[train: 11, 250 / 1875] FPS: 29.1 (36.0)  ,  Loss/total: 0.56942  ,  Loss/giou: 0.23775  ,  Loss/l1: 0.01878  ,  IoU: 0.77327
[train: 11, 300 / 1875] FPS: 29.5 (34.2)  ,  Loss/total: 0.56877  ,  Loss/giou: 0.23757  ,  Loss/l1: 0.01873  ,  IoU: 0.77469
[train: 11, 350 / 1875] FPS: 29.7 (35.1)  ,  Loss/total: 0.57171  ,  Loss/giou: 0.23861  ,  Loss/l1: 0.01890  ,  IoU: 0.77197
[train: 11, 400 / 1875] FPS: 30.0 (35.9)  ,  Loss/total: 0.57631  ,  Loss/giou: 0.23999  ,  Loss/l1: 0.01926  ,  IoU: 0.76952
[train: 11, 450 / 1875] FPS: 30.2 (35.4)  ,  Loss/total: 0.56950  ,  Loss/giou: 0.23737  ,  Loss/l1: 0.01895  ,  IoU: 0.76814
[train: 11, 500 / 1875] FPS: 30.3 (35.2)  ,  Loss/total: 0.56706  ,  Loss/giou: 0.23675  ,  Loss/l1: 0.01871  ,  IoU: 0.76949
[train: 11, 550 / 1875] FPS: 30.4 (32.0)  ,  Loss/total: 0.56599  ,  Loss/giou: 0.23655  ,  Loss/l1: 0.01858  ,  IoU: 0.77053
[train: 11, 600 / 1875] FPS: 30.4 (16.7)  ,  Loss/total: 0.56645  ,  Loss/giou: 0.23682  ,  Loss/l1: 0.01856  ,  IoU: 0.77109
[train: 11, 650 / 1875] FPS: 30.5 (36.3)  ,  Loss/total: 0.56731  ,  Loss/giou: 0.23724  ,  Loss/l1: 0.01857  ,  IoU: 0.77150
[train: 11, 700 / 1875] FPS: 30.6 (36.0)  ,  Loss/total: 0.56758  ,  Loss/giou: 0.23726  ,  Loss/l1: 0.01861  ,  IoU: 0.77068
[train: 11, 750 / 1875] FPS: 30.6 (35.7)  ,  Loss/total: 0.56793  ,  Loss/giou: 0.23741  ,  Loss/l1: 0.01862  ,  IoU: 0.77133
[train: 11, 800 / 1875] FPS: 30.7 (21.8)  ,  Loss/total: 0.56844  ,  Loss/giou: 0.23777  ,  Loss/l1: 0.01858  ,  IoU: 0.77132
[train: 11, 850 / 1875] FPS: 30.7 (36.0)  ,  Loss/total: 0.56782  ,  Loss/giou: 0.23748  ,  Loss/l1: 0.01857  ,  IoU: 0.77210
[train: 11, 900 / 1875] FPS: 30.8 (36.1)  ,  Loss/total: 0.56827  ,  Loss/giou: 0.23769  ,  Loss/l1: 0.01858  ,  IoU: 0.77234
[train: 11, 950 / 1875] FPS: 30.8 (35.8)  ,  Loss/total: 0.56652  ,  Loss/giou: 0.23710  ,  Loss/l1: 0.01847  ,  IoU: 0.77314
[train: 11, 1000 / 1875] FPS: 30.8 (35.0)  ,  Loss/total: 0.56548  ,  Loss/giou: 0.23677  ,  Loss/l1: 0.01839  ,  IoU: 0.77368
[train: 11, 1050 / 1875] FPS: 30.9 (18.2)  ,  Loss/total: 0.56510  ,  Loss/giou: 0.23662  ,  Loss/l1: 0.01837  ,  IoU: 0.77323
[train: 11, 1100 / 1875] FPS: 30.9 (36.0)  ,  Loss/total: 0.56436  ,  Loss/giou: 0.23637  ,  Loss/l1: 0.01833  ,  IoU: 0.77378
[train: 11, 1150 / 1875] FPS: 30.9 (36.0)  ,  Loss/total: 0.56551  ,  Loss/giou: 0.23689  ,  Loss/l1: 0.01835  ,  IoU: 0.77358
[train: 11, 1200 / 1875] FPS: 30.9 (25.9)  ,  Loss/total: 0.56553  ,  Loss/giou: 0.23690  ,  Loss/l1: 0.01835  ,  IoU: 0.77384
[train: 11, 1250 / 1875] FPS: 30.9 (35.9)  ,  Loss/total: 0.56531  ,  Loss/giou: 0.23682  ,  Loss/l1: 0.01833  ,  IoU: 0.77419
[train: 11, 1300 / 1875] FPS: 31.0 (36.0)  ,  Loss/total: 0.56566  ,  Loss/giou: 0.23699  ,  Loss/l1: 0.01833  ,  IoU: 0.77424
[train: 11, 1350 / 1875] FPS: 31.0 (35.1)  ,  Loss/total: 0.56662  ,  Loss/giou: 0.23734  ,  Loss/l1: 0.01839  ,  IoU: 0.77425
[train: 11, 1400 / 1875] FPS: 31.0 (13.8)  ,  Loss/total: 0.56569  ,  Loss/giou: 0.23706  ,  Loss/l1: 0.01831  ,  IoU: 0.77460
[train: 11, 1450 / 1875] FPS: 31.0 (36.2)  ,  Loss/total: 0.56687  ,  Loss/giou: 0.23757  ,  Loss/l1: 0.01835  ,  IoU: 0.77435
[train: 11, 1500 / 1875] FPS: 31.1 (36.2)  ,  Loss/total: 0.56734  ,  Loss/giou: 0.23778  ,  Loss/l1: 0.01836  ,  IoU: 0.77431
[train: 11, 1550 / 1875] FPS: 31.1 (36.1)  ,  Loss/total: 0.56863  ,  Loss/giou: 0.23816  ,  Loss/l1: 0.01846  ,  IoU: 0.77425
[train: 11, 1600 / 1875] FPS: 31.1 (22.2)  ,  Loss/total: 0.56836  ,  Loss/giou: 0.23799  ,  Loss/l1: 0.01848  ,  IoU: 0.77397
[train: 11, 1650 / 1875] FPS: 31.1 (36.2)  ,  Loss/total: 0.56809  ,  Loss/giou: 0.23793  ,  Loss/l1: 0.01845  ,  IoU: 0.77418
[train: 11, 1700 / 1875] FPS: 31.1 (35.7)  ,  Loss/total: 0.56778  ,  Loss/giou: 0.23784  ,  Loss/l1: 0.01842  ,  IoU: 0.77442
[train: 11, 1750 / 1875] FPS: 31.1 (35.3)  ,  Loss/total: 0.56646  ,  Loss/giou: 0.23729  ,  Loss/l1: 0.01838  ,  IoU: 0.77389
[train: 11, 1800 / 1875] FPS: 31.1 (36.1)  ,  Loss/total: 0.56528  ,  Loss/giou: 0.23686  ,  Loss/l1: 0.01831  ,  IoU: 0.77434
[train: 11, 1850 / 1875] FPS: 31.2 (35.8)  ,  Loss/total: 0.56608  ,  Loss/giou: 0.23716  ,  Loss/l1: 0.01835  ,  IoU: 0.77421
[train: 11, 1875 / 1875] FPS: 31.2 (32.7)  ,  Loss/total: 0.56527  ,  Loss/giou: 0.23688  ,  Loss/l1: 0.01830  ,  IoU: 0.77448
[train: 12, 50 / 1875] FPS: 25.3 (36.2)  ,  Loss/total: 0.57339  ,  Loss/giou: 0.24094  ,  Loss/l1: 0.01830  ,  IoU: 0.77785
[train: 12, 100 / 1875] FPS: 27.8 (36.4)  ,  Loss/total: 0.56851  ,  Loss/giou: 0.23930  ,  Loss/l1: 0.01798  ,  IoU: 0.77927
[train: 12, 150 / 1875] FPS: 28.8 (36.2)  ,  Loss/total: 0.56291  ,  Loss/giou: 0.23665  ,  Loss/l1: 0.01792  ,  IoU: 0.78180
[train: 12, 200 / 1875] FPS: 29.6 (36.3)  ,  Loss/total: 0.55834  ,  Loss/giou: 0.23454  ,  Loss/l1: 0.01785  ,  IoU: 0.78334
[train: 12, 250 / 1875] FPS: 29.9 (35.8)  ,  Loss/total: 0.56266  ,  Loss/giou: 0.23643  ,  Loss/l1: 0.01796  ,  IoU: 0.78167
[train: 12, 300 / 1875] FPS: 30.2 (30.5)  ,  Loss/total: 0.56454  ,  Loss/giou: 0.23710  ,  Loss/l1: 0.01807  ,  IoU: 0.78106
[train: 12, 350 / 1875] FPS: 30.3 (37.8)  ,  Loss/total: 0.56462  ,  Loss/giou: 0.23707  ,  Loss/l1: 0.01810  ,  IoU: 0.78092
[train: 12, 400 / 1875] FPS: 30.4 (37.4)  ,  Loss/total: 0.56630  ,  Loss/giou: 0.23779  ,  Loss/l1: 0.01814  ,  IoU: 0.78016
[train: 12, 450 / 1875] FPS: 30.6 (37.4)  ,  Loss/total: 0.56135  ,  Loss/giou: 0.23600  ,  Loss/l1: 0.01787  ,  IoU: 0.78142
[train: 12, 500 / 1875] FPS: 30.6 (37.5)  ,  Loss/total: 0.56197  ,  Loss/giou: 0.23607  ,  Loss/l1: 0.01797  ,  IoU: 0.77934
[train: 12, 550 / 1875] FPS: 30.7 (36.7)  ,  Loss/total: 0.56341  ,  Loss/giou: 0.23642  ,  Loss/l1: 0.01811  ,  IoU: 0.77753
[train: 12, 600 / 1875] FPS: 30.9 (35.2)  ,  Loss/total: 0.56557  ,  Loss/giou: 0.23735  ,  Loss/l1: 0.01817  ,  IoU: 0.77692
[train: 12, 650 / 1875] FPS: 31.0 (41.4)  ,  Loss/total: 0.56509  ,  Loss/giou: 0.23725  ,  Loss/l1: 0.01812  ,  IoU: 0.77726
[train: 12, 700 / 1875] FPS: 31.1 (35.8)  ,  Loss/total: 0.56940  ,  Loss/giou: 0.23890  ,  Loss/l1: 0.01832  ,  IoU: 0.77633
[train: 12, 750 / 1875] FPS: 31.1 (29.1)  ,  Loss/total: 0.56858  ,  Loss/giou: 0.23842  ,  Loss/l1: 0.01835  ,  IoU: 0.77690
[train: 12, 800 / 1875] FPS: 31.1 (36.3)  ,  Loss/total: 0.56838  ,  Loss/giou: 0.23832  ,  Loss/l1: 0.01835  ,  IoU: 0.77725
[train: 12, 850 / 1875] FPS: 31.2 (36.5)  ,  Loss/total: 0.56954  ,  Loss/giou: 0.23878  ,  Loss/l1: 0.01840  ,  IoU: 0.77594
[train: 12, 900 / 1875] FPS: 31.1 (35.8)  ,  Loss/total: 0.57036  ,  Loss/giou: 0.23914  ,  Loss/l1: 0.01842  ,  IoU: 0.77591
[train: 12, 950 / 1875] FPS: 31.1 (36.3)  ,  Loss/total: 0.57243  ,  Loss/giou: 0.23980  ,  Loss/l1: 0.01857  ,  IoU: 0.77455
[train: 12, 1000 / 1875] FPS: 31.1 (36.2)  ,  Loss/total: 0.57265  ,  Loss/giou: 0.23986  ,  Loss/l1: 0.01859  ,  IoU: 0.77471
[train: 12, 1050 / 1875] FPS: 31.2 (36.4)  ,  Loss/total: 0.57256  ,  Loss/giou: 0.23987  ,  Loss/l1: 0.01856  ,  IoU: 0.77483
[train: 12, 1100 / 1875] FPS: 31.2 (34.8)  ,  Loss/total: 0.57232  ,  Loss/giou: 0.23984  ,  Loss/l1: 0.01853  ,  IoU: 0.77501
[train: 12, 1150 / 1875] FPS: 31.2 (36.1)  ,  Loss/total: 0.57211  ,  Loss/giou: 0.23974  ,  Loss/l1: 0.01852  ,  IoU: 0.77523
[train: 12, 1200 / 1875] FPS: 31.2 (36.0)  ,  Loss/total: 0.57368  ,  Loss/giou: 0.24022  ,  Loss/l1: 0.01865  ,  IoU: 0.77423
[train: 12, 1250 / 1875] FPS: 31.2 (35.1)  ,  Loss/total: 0.57357  ,  Loss/giou: 0.24026  ,  Loss/l1: 0.01861  ,  IoU: 0.77433
[train: 12, 1300 / 1875] FPS: 31.2 (35.8)  ,  Loss/total: 0.57504  ,  Loss/giou: 0.24082  ,  Loss/l1: 0.01868  ,  IoU: 0.77408
[train: 12, 1350 / 1875] FPS: 31.3 (36.0)  ,  Loss/total: 0.57478  ,  Loss/giou: 0.24074  ,  Loss/l1: 0.01866  ,  IoU: 0.77428
[train: 12, 1400 / 1875] FPS: 31.3 (36.3)  ,  Loss/total: 0.57495  ,  Loss/giou: 0.24090  ,  Loss/l1: 0.01863  ,  IoU: 0.77420
[train: 12, 1450 / 1875] FPS: 31.2 (35.9)  ,  Loss/total: 0.57349  ,  Loss/giou: 0.24039  ,  Loss/l1: 0.01854  ,  IoU: 0.77470
[train: 12, 1500 / 1875] FPS: 31.3 (36.0)  ,  Loss/total: 0.57311  ,  Loss/giou: 0.24021  ,  Loss/l1: 0.01854  ,  IoU: 0.77422
[train: 12, 1550 / 1875] FPS: 31.3 (36.1)  ,  Loss/total: 0.57342  ,  Loss/giou: 0.24039  ,  Loss/l1: 0.01853  ,  IoU: 0.77418
[train: 12, 1600 / 1875] FPS: 31.3 (35.8)  ,  Loss/total: 0.57351  ,  Loss/giou: 0.24038  ,  Loss/l1: 0.01855  ,  IoU: 0.77368
[train: 12, 1650 / 1875] FPS: 31.3 (36.2)  ,  Loss/total: 0.57351  ,  Loss/giou: 0.24033  ,  Loss/l1: 0.01857  ,  IoU: 0.77386
[train: 12, 1700 / 1875] FPS: 31.4 (35.8)  ,  Loss/total: 0.57327  ,  Loss/giou: 0.24026  ,  Loss/l1: 0.01855  ,  IoU: 0.77401
[train: 12, 1750 / 1875] FPS: 31.3 (35.7)  ,  Loss/total: 0.57298  ,  Loss/giou: 0.24017  ,  Loss/l1: 0.01853  ,  IoU: 0.77420
[train: 12, 1800 / 1875] FPS: 31.3 (35.8)  ,  Loss/total: 0.57410  ,  Loss/giou: 0.24056  ,  Loss/l1: 0.01860  ,  IoU: 0.77400
[train: 12, 1850 / 1875] FPS: 31.3 (35.6)  ,  Loss/total: 0.57432  ,  Loss/giou: 0.24063  ,  Loss/l1: 0.01861  ,  IoU: 0.77412
[train: 12, 1875 / 1875] FPS: 31.3 (33.7)  ,  Loss/total: 0.57397  ,  Loss/giou: 0.24051  ,  Loss/l1: 0.01859  ,  IoU: 0.77426
[train: 13, 50 / 1875] FPS: 24.1 (17.6)  ,  Loss/total: 0.58116  ,  Loss/giou: 0.24251  ,  Loss/l1: 0.01923  ,  IoU: 0.75637
[train: 13, 100 / 1875] FPS: 26.9 (36.0)  ,  Loss/total: 0.57286  ,  Loss/giou: 0.23988  ,  Loss/l1: 0.01862  ,  IoU: 0.76911
[train: 13, 150 / 1875] FPS: 27.9 (35.8)  ,  Loss/total: 0.57850  ,  Loss/giou: 0.24121  ,  Loss/l1: 0.01922  ,  IoU: 0.77185
[train: 13, 200 / 1875] FPS: 28.7 (35.9)  ,  Loss/total: 0.56398  ,  Loss/giou: 0.23551  ,  Loss/l1: 0.01859  ,  IoU: 0.76778
[train: 13, 250 / 1875] FPS: 29.2 (36.0)  ,  Loss/total: 0.56196  ,  Loss/giou: 0.23505  ,  Loss/l1: 0.01837  ,  IoU: 0.76681
[train: 13, 300 / 1875] FPS: 29.6 (35.1)  ,  Loss/total: 0.55395  ,  Loss/giou: 0.23203  ,  Loss/l1: 0.01798  ,  IoU: 0.76842
[train: 13, 350 / 1875] FPS: 29.8 (35.7)  ,  Loss/total: 0.55627  ,  Loss/giou: 0.23311  ,  Loss/l1: 0.01801  ,  IoU: 0.76972
[train: 13, 400 / 1875] FPS: 30.0 (35.5)  ,  Loss/total: 0.56138  ,  Loss/giou: 0.23518  ,  Loss/l1: 0.01820  ,  IoU: 0.76730
[train: 13, 450 / 1875] FPS: 30.1 (35.4)  ,  Loss/total: 0.55814  ,  Loss/giou: 0.23411  ,  Loss/l1: 0.01798  ,  IoU: 0.76968
[train: 13, 500 / 1875] FPS: 30.0 (13.0)  ,  Loss/total: 0.55865  ,  Loss/giou: 0.23409  ,  Loss/l1: 0.01809  ,  IoU: 0.77124
[train: 13, 550 / 1875] FPS: 30.1 (35.6)  ,  Loss/total: 0.56051  ,  Loss/giou: 0.23467  ,  Loss/l1: 0.01823  ,  IoU: 0.77215
[train: 13, 600 / 1875] FPS: 30.2 (41.1)  ,  Loss/total: 0.55711  ,  Loss/giou: 0.23343  ,  Loss/l1: 0.01805  ,  IoU: 0.77226
[train: 13, 650 / 1875] FPS: 30.3 (35.1)  ,  Loss/total: 0.55760  ,  Loss/giou: 0.23366  ,  Loss/l1: 0.01806  ,  IoU: 0.77274
[train: 13, 700 / 1875] FPS: 30.4 (10.7)  ,  Loss/total: 0.55640  ,  Loss/giou: 0.23314  ,  Loss/l1: 0.01803  ,  IoU: 0.77400
[train: 13, 750 / 1875] FPS: 30.5 (36.0)  ,  Loss/total: 0.55747  ,  Loss/giou: 0.23345  ,  Loss/l1: 0.01812  ,  IoU: 0.77307
[train: 13, 800 / 1875] FPS: 30.5 (35.9)  ,  Loss/total: 0.56095  ,  Loss/giou: 0.23485  ,  Loss/l1: 0.01825  ,  IoU: 0.77268
[train: 13, 850 / 1875] FPS: 30.5 (35.5)  ,  Loss/total: 0.55935  ,  Loss/giou: 0.23439  ,  Loss/l1: 0.01811  ,  IoU: 0.77351
[train: 13, 900 / 1875] FPS: 30.6 (10.7)  ,  Loss/total: 0.56078  ,  Loss/giou: 0.23494  ,  Loss/l1: 0.01818  ,  IoU: 0.77366
[train: 13, 950 / 1875] FPS: 30.6 (41.3)  ,  Loss/total: 0.56103  ,  Loss/giou: 0.23516  ,  Loss/l1: 0.01814  ,  IoU: 0.77394
[train: 13, 1000 / 1875] FPS: 30.7 (36.0)  ,  Loss/total: 0.56141  ,  Loss/giou: 0.23526  ,  Loss/l1: 0.01818  ,  IoU: 0.77327
[train: 13, 1050 / 1875] FPS: 30.8 (35.7)  ,  Loss/total: 0.56022  ,  Loss/giou: 0.23484  ,  Loss/l1: 0.01811  ,  IoU: 0.77400
[train: 13, 1100 / 1875] FPS: 30.8 (33.0)  ,  Loss/total: 0.56128  ,  Loss/giou: 0.23510  ,  Loss/l1: 0.01822  ,  IoU: 0.77424
[train: 13, 1150 / 1875] FPS: 30.8 (22.7)  ,  Loss/total: 0.55983  ,  Loss/giou: 0.23457  ,  Loss/l1: 0.01814  ,  IoU: 0.77408
[train: 13, 1200 / 1875] FPS: 30.9 (36.3)  ,  Loss/total: 0.56046  ,  Loss/giou: 0.23487  ,  Loss/l1: 0.01815  ,  IoU: 0.77421
[train: 13, 1250 / 1875] FPS: 30.9 (35.6)  ,  Loss/total: 0.56120  ,  Loss/giou: 0.23509  ,  Loss/l1: 0.01820  ,  IoU: 0.77446
[train: 13, 1300 / 1875] FPS: 30.9 (36.4)  ,  Loss/total: 0.55907  ,  Loss/giou: 0.23431  ,  Loss/l1: 0.01809  ,  IoU: 0.77533
[train: 13, 1350 / 1875] FPS: 30.9 (34.7)  ,  Loss/total: 0.55785  ,  Loss/giou: 0.23384  ,  Loss/l1: 0.01803  ,  IoU: 0.77518
[train: 13, 1400 / 1875] FPS: 30.8 (35.9)  ,  Loss/total: 0.55835  ,  Loss/giou: 0.23410  ,  Loss/l1: 0.01803  ,  IoU: 0.77522
[train: 13, 1450 / 1875] FPS: 30.9 (35.7)  ,  Loss/total: 0.55778  ,  Loss/giou: 0.23390  ,  Loss/l1: 0.01800  ,  IoU: 0.77567
[train: 13, 1500 / 1875] FPS: 30.9 (36.0)  ,  Loss/total: 0.55810  ,  Loss/giou: 0.23403  ,  Loss/l1: 0.01801  ,  IoU: 0.77524
[train: 13, 1550 / 1875] FPS: 30.9 (35.5)  ,  Loss/total: 0.55863  ,  Loss/giou: 0.23420  ,  Loss/l1: 0.01805  ,  IoU: 0.77540
[train: 13, 1600 / 1875] FPS: 31.0 (35.6)  ,  Loss/total: 0.55792  ,  Loss/giou: 0.23393  ,  Loss/l1: 0.01801  ,  IoU: 0.77587
[train: 13, 1650 / 1875] FPS: 31.0 (36.1)  ,  Loss/total: 0.55830  ,  Loss/giou: 0.23409  ,  Loss/l1: 0.01802  ,  IoU: 0.77594
[train: 13, 1700 / 1875] FPS: 31.1 (35.5)  ,  Loss/total: 0.55952  ,  Loss/giou: 0.23452  ,  Loss/l1: 0.01810  ,  IoU: 0.77582
[train: 13, 1750 / 1875] FPS: 31.0 (35.1)  ,  Loss/total: 0.55886  ,  Loss/giou: 0.23427  ,  Loss/l1: 0.01807  ,  IoU: 0.77625
[train: 13, 1800 / 1875] FPS: 31.0 (35.7)  ,  Loss/total: 0.55830  ,  Loss/giou: 0.23410  ,  Loss/l1: 0.01802  ,  IoU: 0.77651
[train: 13, 1850 / 1875] FPS: 31.0 (35.9)  ,  Loss/total: 0.55799  ,  Loss/giou: 0.23397  ,  Loss/l1: 0.01801  ,  IoU: 0.77666
[train: 13, 1875 / 1875] FPS: 31.1 (32.4)  ,  Loss/total: 0.55762  ,  Loss/giou: 0.23378  ,  Loss/l1: 0.01801  ,  IoU: 0.77639
[train: 14, 50 / 1875] FPS: 24.4 (36.3)  ,  Loss/total: 0.57297  ,  Loss/giou: 0.23866  ,  Loss/l1: 0.01913  ,  IoU: 0.77987
[train: 14, 100 / 1875] FPS: 27.5 (36.0)  ,  Loss/total: 0.55419  ,  Loss/giou: 0.23224  ,  Loss/l1: 0.01794  ,  IoU: 0.78365
[train: 14, 150 / 1875] FPS: 28.6 (35.9)  ,  Loss/total: 0.55352  ,  Loss/giou: 0.23146  ,  Loss/l1: 0.01812  ,  IoU: 0.78510
[train: 14, 200 / 1875] FPS: 29.6 (42.2)  ,  Loss/total: 0.55386  ,  Loss/giou: 0.23179  ,  Loss/l1: 0.01805  ,  IoU: 0.78493
[train: 14, 250 / 1875] FPS: 29.6 (11.9)  ,  Loss/total: 0.55033  ,  Loss/giou: 0.23130  ,  Loss/l1: 0.01755  ,  IoU: 0.78459
[train: 14, 300 / 1875] FPS: 29.9 (35.3)  ,  Loss/total: 0.55864  ,  Loss/giou: 0.23376  ,  Loss/l1: 0.01823  ,  IoU: 0.77601
[train: 14, 350 / 1875] FPS: 30.2 (36.1)  ,  Loss/total: 0.55728  ,  Loss/giou: 0.23353  ,  Loss/l1: 0.01805  ,  IoU: 0.77703
[train: 14, 400 / 1875] FPS: 30.3 (36.0)  ,  Loss/total: 0.55726  ,  Loss/giou: 0.23367  ,  Loss/l1: 0.01798  ,  IoU: 0.77778
[train: 14, 450 / 1875] FPS: 30.5 (36.1)  ,  Loss/total: 0.55738  ,  Loss/giou: 0.23384  ,  Loss/l1: 0.01794  ,  IoU: 0.77809
[train: 14, 500 / 1875] FPS: 30.6 (36.2)  ,  Loss/total: 0.56050  ,  Loss/giou: 0.23495  ,  Loss/l1: 0.01812  ,  IoU: 0.77799
[train: 14, 550 / 1875] FPS: 30.7 (36.1)  ,  Loss/total: 0.55982  ,  Loss/giou: 0.23451  ,  Loss/l1: 0.01816  ,  IoU: 0.77673
[train: 14, 600 / 1875] FPS: 30.8 (35.7)  ,  Loss/total: 0.55770  ,  Loss/giou: 0.23378  ,  Loss/l1: 0.01803  ,  IoU: 0.77760
[train: 14, 650 / 1875] FPS: 30.9 (18.3)  ,  Loss/total: 0.55777  ,  Loss/giou: 0.23366  ,  Loss/l1: 0.01809  ,  IoU: 0.77670
[train: 14, 700 / 1875] FPS: 31.0 (36.0)  ,  Loss/total: 0.55709  ,  Loss/giou: 0.23347  ,  Loss/l1: 0.01803  ,  IoU: 0.77736
[train: 14, 750 / 1875] FPS: 31.0 (41.1)  ,  Loss/total: 0.55724  ,  Loss/giou: 0.23342  ,  Loss/l1: 0.01808  ,  IoU: 0.77662
[train: 14, 800 / 1875] FPS: 31.1 (36.2)  ,  Loss/total: 0.55793  ,  Loss/giou: 0.23382  ,  Loss/l1: 0.01806  ,  IoU: 0.77665
[train: 14, 850 / 1875] FPS: 31.2 (36.0)  ,  Loss/total: 0.55772  ,  Loss/giou: 0.23363  ,  Loss/l1: 0.01809  ,  IoU: 0.77730
[train: 14, 900 / 1875] FPS: 31.1 (36.4)  ,  Loss/total: 0.55603  ,  Loss/giou: 0.23310  ,  Loss/l1: 0.01797  ,  IoU: 0.77694
[train: 14, 950 / 1875] FPS: 31.2 (36.4)  ,  Loss/total: 0.55636  ,  Loss/giou: 0.23320  ,  Loss/l1: 0.01799  ,  IoU: 0.77724
[train: 14, 1000 / 1875] FPS: 31.2 (36.2)  ,  Loss/total: 0.55952  ,  Loss/giou: 0.23433  ,  Loss/l1: 0.01817  ,  IoU: 0.77691
[train: 14, 1050 / 1875] FPS: 31.2 (35.7)  ,  Loss/total: 0.55991  ,  Loss/giou: 0.23444  ,  Loss/l1: 0.01820  ,  IoU: 0.77709
[train: 14, 1100 / 1875] FPS: 31.2 (34.9)  ,  Loss/total: 0.55866  ,  Loss/giou: 0.23409  ,  Loss/l1: 0.01810  ,  IoU: 0.77754
[train: 14, 1150 / 1875] FPS: 31.2 (35.9)  ,  Loss/total: 0.55979  ,  Loss/giou: 0.23463  ,  Loss/l1: 0.01811  ,  IoU: 0.77733
[train: 14, 1200 / 1875] FPS: 31.3 (35.8)  ,  Loss/total: 0.55953  ,  Loss/giou: 0.23459  ,  Loss/l1: 0.01807  ,  IoU: 0.77756
[train: 14, 1250 / 1875] FPS: 31.2 (13.0)  ,  Loss/total: 0.55963  ,  Loss/giou: 0.23461  ,  Loss/l1: 0.01808  ,  IoU: 0.77693
[train: 14, 1300 / 1875] FPS: 31.3 (36.8)  ,  Loss/total: 0.56033  ,  Loss/giou: 0.23491  ,  Loss/l1: 0.01810  ,  IoU: 0.77690
[train: 14, 1350 / 1875] FPS: 31.3 (42.8)  ,  Loss/total: 0.55949  ,  Loss/giou: 0.23462  ,  Loss/l1: 0.01805  ,  IoU: 0.77726
[train: 14, 1400 / 1875] FPS: 31.3 (36.2)  ,  Loss/total: 0.56101  ,  Loss/giou: 0.23506  ,  Loss/l1: 0.01818  ,  IoU: 0.77645
[train: 14, 1450 / 1875] FPS: 31.3 (33.8)  ,  Loss/total: 0.56295  ,  Loss/giou: 0.23583  ,  Loss/l1: 0.01826  ,  IoU: 0.77607
[train: 14, 1500 / 1875] FPS: 31.4 (36.0)  ,  Loss/total: 0.56341  ,  Loss/giou: 0.23596  ,  Loss/l1: 0.01830  ,  IoU: 0.77615
[train: 14, 1550 / 1875] FPS: 31.4 (36.2)  ,  Loss/total: 0.56335  ,  Loss/giou: 0.23590  ,  Loss/l1: 0.01831  ,  IoU: 0.77651
[train: 14, 1600 / 1875] FPS: 31.4 (35.8)  ,  Loss/total: 0.56326  ,  Loss/giou: 0.23588  ,  Loss/l1: 0.01830  ,  IoU: 0.77662
[train: 14, 1650 / 1875] FPS: 31.3 (9.0)  ,  Loss/total: 0.56333  ,  Loss/giou: 0.23591  ,  Loss/l1: 0.01830  ,  IoU: 0.77671
[train: 14, 1700 / 1875] FPS: 31.4 (35.4)  ,  Loss/total: 0.56446  ,  Loss/giou: 0.23634  ,  Loss/l1: 0.01836  ,  IoU: 0.77652
[train: 14, 1750 / 1875] FPS: 31.4 (35.7)  ,  Loss/total: 0.56452  ,  Loss/giou: 0.23635  ,  Loss/l1: 0.01837  ,  IoU: 0.77668
[train: 14, 1800 / 1875] FPS: 31.4 (35.4)  ,  Loss/total: 0.56463  ,  Loss/giou: 0.23635  ,  Loss/l1: 0.01839  ,  IoU: 0.77686
[train: 14, 1850 / 1875] FPS: 31.4 (12.4)  ,  Loss/total: 0.56479  ,  Loss/giou: 0.23651  ,  Loss/l1: 0.01835  ,  IoU: 0.77679
[train: 14, 1875 / 1875] FPS: 31.4 (33.0)  ,  Loss/total: 0.56457  ,  Loss/giou: 0.23644  ,  Loss/l1: 0.01834  ,  IoU: 0.77693
[train: 15, 50 / 1875] FPS: 23.7 (35.8)  ,  Loss/total: 0.52465  ,  Loss/giou: 0.22259  ,  Loss/l1: 0.01589  ,  IoU: 0.79042
[train: 15, 100 / 1875] FPS: 26.9 (35.9)  ,  Loss/total: 0.52877  ,  Loss/giou: 0.22383  ,  Loss/l1: 0.01622  ,  IoU: 0.79021
[train: 15, 150 / 1875] FPS: 27.8 (36.0)  ,  Loss/total: 0.54066  ,  Loss/giou: 0.22840  ,  Loss/l1: 0.01677  ,  IoU: 0.78681
[train: 15, 200 / 1875] FPS: 28.6 (36.2)  ,  Loss/total: 0.53814  ,  Loss/giou: 0.22722  ,  Loss/l1: 0.01674  ,  IoU: 0.78286
[train: 15, 250 / 1875] FPS: 29.1 (17.1)  ,  Loss/total: 0.52862  ,  Loss/giou: 0.22342  ,  Loss/l1: 0.01636  ,  IoU: 0.78688
[train: 15, 300 / 1875] FPS: 29.4 (35.7)  ,  Loss/total: 0.53867  ,  Loss/giou: 0.22744  ,  Loss/l1: 0.01676  ,  IoU: 0.78438
[train: 15, 350 / 1875] FPS: 29.8 (35.8)  ,  Loss/total: 0.53933  ,  Loss/giou: 0.22732  ,  Loss/l1: 0.01694  ,  IoU: 0.77954
[train: 15, 400 / 1875] FPS: 30.0 (35.1)  ,  Loss/total: 0.54130  ,  Loss/giou: 0.22829  ,  Loss/l1: 0.01694  ,  IoU: 0.77942
[train: 15, 450 / 1875] FPS: 30.0 (14.1)  ,  Loss/total: 0.54189  ,  Loss/giou: 0.22863  ,  Loss/l1: 0.01693  ,  IoU: 0.77988
[train: 15, 500 / 1875] FPS: 30.2 (35.9)  ,  Loss/total: 0.54267  ,  Loss/giou: 0.22897  ,  Loss/l1: 0.01695  ,  IoU: 0.78028
[train: 15, 550 / 1875] FPS: 30.3 (35.9)  ,  Loss/total: 0.54571  ,  Loss/giou: 0.23010  ,  Loss/l1: 0.01710  ,  IoU: 0.78000
[train: 15, 600 / 1875] FPS: 30.4 (35.9)  ,  Loss/total: 0.54488  ,  Loss/giou: 0.22967  ,  Loss/l1: 0.01711  ,  IoU: 0.78080
[train: 15, 650 / 1875] FPS: 30.5 (23.6)  ,  Loss/total: 0.54369  ,  Loss/giou: 0.22907  ,  Loss/l1: 0.01711  ,  IoU: 0.78179
[train: 15, 700 / 1875] FPS: 30.5 (35.8)  ,  Loss/total: 0.54439  ,  Loss/giou: 0.22947  ,  Loss/l1: 0.01709  ,  IoU: 0.78178
[train: 15, 750 / 1875] FPS: 30.6 (35.9)  ,  Loss/total: 0.54496  ,  Loss/giou: 0.22961  ,  Loss/l1: 0.01715  ,  IoU: 0.78199
[train: 15, 800 / 1875] FPS: 30.6 (35.8)  ,  Loss/total: 0.54617  ,  Loss/giou: 0.23016  ,  Loss/l1: 0.01717  ,  IoU: 0.78058
[train: 15, 850 / 1875] FPS: 30.7 (26.9)  ,  Loss/total: 0.54613  ,  Loss/giou: 0.23014  ,  Loss/l1: 0.01717  ,  IoU: 0.78102
[train: 15, 900 / 1875] FPS: 30.7 (36.3)  ,  Loss/total: 0.54796  ,  Loss/giou: 0.23075  ,  Loss/l1: 0.01729  ,  IoU: 0.78105
[train: 15, 950 / 1875] FPS: 30.7 (36.4)  ,  Loss/total: 0.54782  ,  Loss/giou: 0.23074  ,  Loss/l1: 0.01727  ,  IoU: 0.78125
[train: 15, 1000 / 1875] FPS: 30.8 (35.3)  ,  Loss/total: 0.54865  ,  Loss/giou: 0.23093  ,  Loss/l1: 0.01736  ,  IoU: 0.78044
[train: 15, 1050 / 1875] FPS: 30.8 (20.1)  ,  Loss/total: 0.54744  ,  Loss/giou: 0.23051  ,  Loss/l1: 0.01728  ,  IoU: 0.78101
[train: 15, 1100 / 1875] FPS: 30.9 (36.1)  ,  Loss/total: 0.54712  ,  Loss/giou: 0.23041  ,  Loss/l1: 0.01726  ,  IoU: 0.78129
[train: 15, 1150 / 1875] FPS: 30.9 (35.2)  ,  Loss/total: 0.54480  ,  Loss/giou: 0.22953  ,  Loss/l1: 0.01715  ,  IoU: 0.78134
[train: 15, 1200 / 1875] FPS: 30.9 (33.9)  ,  Loss/total: 0.54462  ,  Loss/giou: 0.22943  ,  Loss/l1: 0.01715  ,  IoU: 0.78073
[train: 15, 1250 / 1875] FPS: 30.9 (35.0)  ,  Loss/total: 0.54518  ,  Loss/giou: 0.22963  ,  Loss/l1: 0.01719  ,  IoU: 0.78077
[train: 15, 1300 / 1875] FPS: 30.9 (36.2)  ,  Loss/total: 0.54432  ,  Loss/giou: 0.22935  ,  Loss/l1: 0.01712  ,  IoU: 0.78118
[train: 15, 1350 / 1875] FPS: 31.0 (36.2)  ,  Loss/total: 0.54497  ,  Loss/giou: 0.22957  ,  Loss/l1: 0.01716  ,  IoU: 0.78121
[train: 15, 1400 / 1875] FPS: 31.0 (35.6)  ,  Loss/total: 0.54502  ,  Loss/giou: 0.22950  ,  Loss/l1: 0.01720  ,  IoU: 0.78074
[train: 15, 1450 / 1875] FPS: 31.1 (36.5)  ,  Loss/total: 0.54420  ,  Loss/giou: 0.22917  ,  Loss/l1: 0.01717  ,  IoU: 0.78125
[train: 15, 1500 / 1875] FPS: 31.1 (30.4)  ,  Loss/total: 0.54323  ,  Loss/giou: 0.22878  ,  Loss/l1: 0.01713  ,  IoU: 0.78176
[train: 15, 1550 / 1875] FPS: 31.1 (35.8)  ,  Loss/total: 0.54396  ,  Loss/giou: 0.22897  ,  Loss/l1: 0.01720  ,  IoU: 0.78185
[train: 15, 1600 / 1875] FPS: 31.1 (35.4)  ,  Loss/total: 0.54372  ,  Loss/giou: 0.22882  ,  Loss/l1: 0.01722  ,  IoU: 0.78161
[train: 15, 1650 / 1875] FPS: 31.1 (36.4)  ,  Loss/total: 0.54424  ,  Loss/giou: 0.22898  ,  Loss/l1: 0.01726  ,  IoU: 0.78165
[train: 15, 1700 / 1875] FPS: 31.1 (16.6)  ,  Loss/total: 0.54351  ,  Loss/giou: 0.22873  ,  Loss/l1: 0.01721  ,  IoU: 0.78200
[train: 15, 1750 / 1875] FPS: 31.2 (36.1)  ,  Loss/total: 0.54352  ,  Loss/giou: 0.22875  ,  Loss/l1: 0.01721  ,  IoU: 0.78210
[train: 15, 1800 / 1875] FPS: 31.2 (35.7)  ,  Loss/total: 0.54455  ,  Loss/giou: 0.22913  ,  Loss/l1: 0.01726  ,  IoU: 0.78194
[train: 15, 1850 / 1875] FPS: 31.2 (36.2)  ,  Loss/total: 0.54468  ,  Loss/giou: 0.22913  ,  Loss/l1: 0.01729  ,  IoU: 0.78217
[train: 15, 1875 / 1875] FPS: 31.2 (41.5)  ,  Loss/total: 0.54419  ,  Loss/giou: 0.22896  ,  Loss/l1: 0.01725  ,  IoU: 0.78233
[train: 16, 50 / 1875] FPS: 24.4 (36.1)  ,  Loss/total: 0.53052  ,  Loss/giou: 0.22507  ,  Loss/l1: 0.01608  ,  IoU: 0.78927
[train: 16, 100 / 1875] FPS: 27.5 (36.1)  ,  Loss/total: 0.54682  ,  Loss/giou: 0.23065  ,  Loss/l1: 0.01711  ,  IoU: 0.78576
[train: 16, 150 / 1875] FPS: 28.7 (36.2)  ,  Loss/total: 0.55675  ,  Loss/giou: 0.23382  ,  Loss/l1: 0.01782  ,  IoU: 0.78397
[train: 16, 200 / 1875] FPS: 29.6 (36.3)  ,  Loss/total: 0.55469  ,  Loss/giou: 0.23278  ,  Loss/l1: 0.01783  ,  IoU: 0.78454
[train: 16, 250 / 1875] FPS: 29.9 (35.8)  ,  Loss/total: 0.55581  ,  Loss/giou: 0.23347  ,  Loss/l1: 0.01777  ,  IoU: 0.78370
[train: 16, 300 / 1875] FPS: 30.1 (42.5)  ,  Loss/total: 0.54946  ,  Loss/giou: 0.23104  ,  Loss/l1: 0.01747  ,  IoU: 0.78556
[train: 16, 350 / 1875] FPS: 30.4 (36.7)  ,  Loss/total: 0.55310  ,  Loss/giou: 0.23279  ,  Loss/l1: 0.01751  ,  IoU: 0.78397
[train: 16, 400 / 1875] FPS: 30.6 (36.1)  ,  Loss/total: 0.54522  ,  Loss/giou: 0.23002  ,  Loss/l1: 0.01704  ,  IoU: 0.78585
[train: 16, 450 / 1875] FPS: 30.7 (36.7)  ,  Loss/total: 0.54336  ,  Loss/giou: 0.22919  ,  Loss/l1: 0.01700  ,  IoU: 0.78434
[train: 16, 500 / 1875] FPS: 30.7 (37.6)  ,  Loss/total: 0.54564  ,  Loss/giou: 0.23015  ,  Loss/l1: 0.01707  ,  IoU: 0.78381
[train: 16, 550 / 1875] FPS: 30.9 (38.0)  ,  Loss/total: 0.54487  ,  Loss/giou: 0.22992  ,  Loss/l1: 0.01700  ,  IoU: 0.78426
[train: 16, 600 / 1875] FPS: 31.0 (38.2)  ,  Loss/total: 0.54190  ,  Loss/giou: 0.22880  ,  Loss/l1: 0.01686  ,  IoU: 0.78520
[train: 16, 650 / 1875] FPS: 31.1 (38.1)  ,  Loss/total: 0.54278  ,  Loss/giou: 0.22919  ,  Loss/l1: 0.01688  ,  IoU: 0.78498
[train: 16, 700 / 1875] FPS: 31.1 (43.6)  ,  Loss/total: 0.54071  ,  Loss/giou: 0.22853  ,  Loss/l1: 0.01673  ,  IoU: 0.78558
[train: 16, 750 / 1875] FPS: 31.1 (36.7)  ,  Loss/total: 0.54149  ,  Loss/giou: 0.22865  ,  Loss/l1: 0.01684  ,  IoU: 0.78449
[train: 16, 800 / 1875] FPS: 31.2 (37.8)  ,  Loss/total: 0.54215  ,  Loss/giou: 0.22882  ,  Loss/l1: 0.01690  ,  IoU: 0.78459
[train: 16, 850 / 1875] FPS: 31.2 (37.0)  ,  Loss/total: 0.54362  ,  Loss/giou: 0.22934  ,  Loss/l1: 0.01699  ,  IoU: 0.78424
[train: 16, 900 / 1875] FPS: 31.2 (38.2)  ,  Loss/total: 0.54648  ,  Loss/giou: 0.23042  ,  Loss/l1: 0.01713  ,  IoU: 0.78343
[train: 16, 950 / 1875] FPS: 31.3 (38.0)  ,  Loss/total: 0.54718  ,  Loss/giou: 0.23050  ,  Loss/l1: 0.01724  ,  IoU: 0.78251
[train: 16, 1000 / 1875] FPS: 31.3 (37.8)  ,  Loss/total: 0.54750  ,  Loss/giou: 0.23065  ,  Loss/l1: 0.01724  ,  IoU: 0.78252
[train: 16, 1050 / 1875] FPS: 31.4 (35.3)  ,  Loss/total: 0.54751  ,  Loss/giou: 0.23058  ,  Loss/l1: 0.01727  ,  IoU: 0.78267
[train: 16, 1100 / 1875] FPS: 31.4 (35.9)  ,  Loss/total: 0.54714  ,  Loss/giou: 0.23041  ,  Loss/l1: 0.01726  ,  IoU: 0.78302
[train: 16, 1150 / 1875] FPS: 31.4 (36.2)  ,  Loss/total: 0.54768  ,  Loss/giou: 0.23067  ,  Loss/l1: 0.01727  ,  IoU: 0.78284
[train: 16, 1200 / 1875] FPS: 31.4 (36.5)  ,  Loss/total: 0.54791  ,  Loss/giou: 0.23076  ,  Loss/l1: 0.01728  ,  IoU: 0.78285
[train: 16, 1250 / 1875] FPS: 31.4 (35.2)  ,  Loss/total: 0.54787  ,  Loss/giou: 0.23075  ,  Loss/l1: 0.01727  ,  IoU: 0.78292
[train: 16, 1300 / 1875] FPS: 31.4 (36.4)  ,  Loss/total: 0.54819  ,  Loss/giou: 0.23090  ,  Loss/l1: 0.01728  ,  IoU: 0.78290
[train: 16, 1350 / 1875] FPS: 31.4 (36.2)  ,  Loss/total: 0.54800  ,  Loss/giou: 0.23080  ,  Loss/l1: 0.01728  ,  IoU: 0.78233
[train: 16, 1400 / 1875] FPS: 31.4 (36.0)  ,  Loss/total: 0.54742  ,  Loss/giou: 0.23060  ,  Loss/l1: 0.01724  ,  IoU: 0.78255
[train: 16, 1450 / 1875] FPS: 31.4 (34.8)  ,  Loss/total: 0.54697  ,  Loss/giou: 0.23040  ,  Loss/l1: 0.01723  ,  IoU: 0.78281
[train: 16, 1500 / 1875] FPS: 31.4 (35.9)  ,  Loss/total: 0.54691  ,  Loss/giou: 0.23043  ,  Loss/l1: 0.01721  ,  IoU: 0.78284
[train: 16, 1550 / 1875] FPS: 31.4 (36.0)  ,  Loss/total: 0.54750  ,  Loss/giou: 0.23062  ,  Loss/l1: 0.01725  ,  IoU: 0.78277
[train: 16, 1600 / 1875] FPS: 31.5 (35.9)  ,  Loss/total: 0.54763  ,  Loss/giou: 0.23066  ,  Loss/l1: 0.01726  ,  IoU: 0.78281
[train: 16, 1650 / 1875] FPS: 31.5 (35.7)  ,  Loss/total: 0.54755  ,  Loss/giou: 0.23059  ,  Loss/l1: 0.01728  ,  IoU: 0.78293
[train: 16, 1700 / 1875] FPS: 31.5 (36.3)  ,  Loss/total: 0.54759  ,  Loss/giou: 0.23053  ,  Loss/l1: 0.01731  ,  IoU: 0.78251
[train: 16, 1750 / 1875] FPS: 31.5 (35.9)  ,  Loss/total: 0.54757  ,  Loss/giou: 0.23053  ,  Loss/l1: 0.01730  ,  IoU: 0.78265
[train: 16, 1800 / 1875] FPS: 31.5 (36.1)  ,  Loss/total: 0.54693  ,  Loss/giou: 0.23026  ,  Loss/l1: 0.01728  ,  IoU: 0.78296
[train: 16, 1850 / 1875] FPS: 31.5 (36.0)  ,  Loss/total: 0.54647  ,  Loss/giou: 0.23009  ,  Loss/l1: 0.01726  ,  IoU: 0.78312
[train: 16, 1875 / 1875] FPS: 31.5 (36.4)  ,  Loss/total: 0.54682  ,  Loss/giou: 0.23026  ,  Loss/l1: 0.01726  ,  IoU: 0.78300
[train: 17, 50 / 1875] FPS: 22.8 (35.9)  ,  Loss/total: 0.54563  ,  Loss/giou: 0.23329  ,  Loss/l1: 0.01581  ,  IoU: 0.78079
[train: 17, 100 / 1875] FPS: 25.9 (35.8)  ,  Loss/total: 0.53861  ,  Loss/giou: 0.22921  ,  Loss/l1: 0.01604  ,  IoU: 0.78467
[train: 17, 150 / 1875] FPS: 26.8 (36.0)  ,  Loss/total: 0.53182  ,  Loss/giou: 0.22607  ,  Loss/l1: 0.01593  ,  IoU: 0.78750
[train: 17, 200 / 1875] FPS: 27.9 (35.9)  ,  Loss/total: 0.53149  ,  Loss/giou: 0.22555  ,  Loss/l1: 0.01608  ,  IoU: 0.78316
[train: 17, 250 / 1875] FPS: 28.5 (36.4)  ,  Loss/total: 0.53752  ,  Loss/giou: 0.22672  ,  Loss/l1: 0.01682  ,  IoU: 0.78033
[train: 17, 300 / 1875] FPS: 28.9 (35.9)  ,  Loss/total: 0.54142  ,  Loss/giou: 0.22789  ,  Loss/l1: 0.01713  ,  IoU: 0.78084
[train: 17, 350 / 1875] FPS: 29.1 (35.7)  ,  Loss/total: 0.54040  ,  Loss/giou: 0.22743  ,  Loss/l1: 0.01711  ,  IoU: 0.78254
[train: 17, 400 / 1875] FPS: 29.4 (35.9)  ,  Loss/total: 0.53750  ,  Loss/giou: 0.22601  ,  Loss/l1: 0.01710  ,  IoU: 0.78203
[train: 17, 450 / 1875] FPS: 29.5 (43.0)  ,  Loss/total: 0.54142  ,  Loss/giou: 0.22753  ,  Loss/l1: 0.01727  ,  IoU: 0.78157
[train: 17, 500 / 1875] FPS: 29.8 (36.2)  ,  Loss/total: 0.54212  ,  Loss/giou: 0.22781  ,  Loss/l1: 0.01730  ,  IoU: 0.78206
[train: 17, 550 / 1875] FPS: 29.9 (35.9)  ,  Loss/total: 0.54156  ,  Loss/giou: 0.22763  ,  Loss/l1: 0.01726  ,  IoU: 0.78273
[train: 17, 600 / 1875] FPS: 30.1 (39.9)  ,  Loss/total: 0.54214  ,  Loss/giou: 0.22797  ,  Loss/l1: 0.01724  ,  IoU: 0.78293
[train: 17, 650 / 1875] FPS: 30.1 (36.0)  ,  Loss/total: 0.54149  ,  Loss/giou: 0.22787  ,  Loss/l1: 0.01715  ,  IoU: 0.78317
[train: 17, 700 / 1875] FPS: 30.2 (36.0)  ,  Loss/total: 0.54007  ,  Loss/giou: 0.22718  ,  Loss/l1: 0.01714  ,  IoU: 0.78271
[train: 17, 750 / 1875] FPS: 30.3 (35.9)  ,  Loss/total: 0.54005  ,  Loss/giou: 0.22726  ,  Loss/l1: 0.01711  ,  IoU: 0.78292
[train: 17, 800 / 1875] FPS: 30.4 (36.0)  ,  Loss/total: 0.54153  ,  Loss/giou: 0.22799  ,  Loss/l1: 0.01711  ,  IoU: 0.78263
[train: 17, 850 / 1875] FPS: 30.4 (36.1)  ,  Loss/total: 0.53976  ,  Loss/giou: 0.22736  ,  Loss/l1: 0.01701  ,  IoU: 0.78354
[train: 17, 900 / 1875] FPS: 30.5 (35.2)  ,  Loss/total: 0.54036  ,  Loss/giou: 0.22736  ,  Loss/l1: 0.01713  ,  IoU: 0.78296
[train: 17, 950 / 1875] FPS: 30.5 (36.2)  ,  Loss/total: 0.54105  ,  Loss/giou: 0.22765  ,  Loss/l1: 0.01715  ,  IoU: 0.78293
[train: 17, 1000 / 1875] FPS: 30.5 (35.8)  ,  Loss/total: 0.54041  ,  Loss/giou: 0.22740  ,  Loss/l1: 0.01712  ,  IoU: 0.78339
[train: 17, 1050 / 1875] FPS: 30.6 (35.9)  ,  Loss/total: 0.53975  ,  Loss/giou: 0.22718  ,  Loss/l1: 0.01708  ,  IoU: 0.78378
[train: 17, 1100 / 1875] FPS: 30.6 (36.2)  ,  Loss/total: 0.54157  ,  Loss/giou: 0.22792  ,  Loss/l1: 0.01715  ,  IoU: 0.78354
[train: 17, 1150 / 1875] FPS: 30.7 (36.3)  ,  Loss/total: 0.54141  ,  Loss/giou: 0.22784  ,  Loss/l1: 0.01715  ,  IoU: 0.78289
[train: 17, 1200 / 1875] FPS: 30.7 (35.4)  ,  Loss/total: 0.54105  ,  Loss/giou: 0.22772  ,  Loss/l1: 0.01712  ,  IoU: 0.78322
[train: 17, 1250 / 1875] FPS: 30.7 (36.5)  ,  Loss/total: 0.54037  ,  Loss/giou: 0.22749  ,  Loss/l1: 0.01708  ,  IoU: 0.78360
[train: 17, 1300 / 1875] FPS: 30.7 (12.8)  ,  Loss/total: 0.54054  ,  Loss/giou: 0.22755  ,  Loss/l1: 0.01709  ,  IoU: 0.78376
[train: 17, 1350 / 1875] FPS: 30.7 (36.1)  ,  Loss/total: 0.53906  ,  Loss/giou: 0.22698  ,  Loss/l1: 0.01702  ,  IoU: 0.78427
[train: 17, 1400 / 1875] FPS: 30.8 (36.1)  ,  Loss/total: 0.53940  ,  Loss/giou: 0.22712  ,  Loss/l1: 0.01703  ,  IoU: 0.78432
[train: 17, 1450 / 1875] FPS: 30.8 (35.9)  ,  Loss/total: 0.54018  ,  Loss/giou: 0.22737  ,  Loss/l1: 0.01709  ,  IoU: 0.78433
[train: 17, 1500 / 1875] FPS: 30.9 (35.9)  ,  Loss/total: 0.53901  ,  Loss/giou: 0.22689  ,  Loss/l1: 0.01705  ,  IoU: 0.78488
[train: 17, 1550 / 1875] FPS: 30.9 (35.3)  ,  Loss/total: 0.53936  ,  Loss/giou: 0.22699  ,  Loss/l1: 0.01708  ,  IoU: 0.78501
[train: 17, 1600 / 1875] FPS: 30.9 (35.8)  ,  Loss/total: 0.53884  ,  Loss/giou: 0.22679  ,  Loss/l1: 0.01705  ,  IoU: 0.78528
[train: 17, 1650 / 1875] FPS: 30.9 (36.2)  ,  Loss/total: 0.53955  ,  Loss/giou: 0.22708  ,  Loss/l1: 0.01708  ,  IoU: 0.78508
[train: 17, 1700 / 1875] FPS: 30.9 (29.5)  ,  Loss/total: 0.53994  ,  Loss/giou: 0.22730  ,  Loss/l1: 0.01707  ,  IoU: 0.78502
[train: 17, 1750 / 1875] FPS: 30.9 (37.6)  ,  Loss/total: 0.53949  ,  Loss/giou: 0.22714  ,  Loss/l1: 0.01704  ,  IoU: 0.78524
[train: 17, 1800 / 1875] FPS: 31.0 (37.6)  ,  Loss/total: 0.53920  ,  Loss/giou: 0.22704  ,  Loss/l1: 0.01702  ,  IoU: 0.78547
[train: 17, 1850 / 1875] FPS: 31.0 (37.9)  ,  Loss/total: 0.53888  ,  Loss/giou: 0.22692  ,  Loss/l1: 0.01701  ,  IoU: 0.78567
[train: 17, 1875 / 1875] FPS: 31.0 (36.9)  ,  Loss/total: 0.53829  ,  Loss/giou: 0.22668  ,  Loss/l1: 0.01699  ,  IoU: 0.78590
[train: 18, 50 / 1875] FPS: 25.1 (37.2)  ,  Loss/total: 0.54115  ,  Loss/giou: 0.22707  ,  Loss/l1: 0.01740  ,  IoU: 0.79118
[train: 18, 100 / 1875] FPS: 27.7 (37.7)  ,  Loss/total: 0.56162  ,  Loss/giou: 0.23394  ,  Loss/l1: 0.01875  ,  IoU: 0.78585
[train: 18, 150 / 1875] FPS: 28.8 (37.6)  ,  Loss/total: 0.53832  ,  Loss/giou: 0.22572  ,  Loss/l1: 0.01737  ,  IoU: 0.79110
[train: 18, 200 / 1875] FPS: 29.5 (37.9)  ,  Loss/total: 0.53598  ,  Loss/giou: 0.22495  ,  Loss/l1: 0.01722  ,  IoU: 0.79174
[train: 18, 250 / 1875] FPS: 29.8 (37.6)  ,  Loss/total: 0.52822  ,  Loss/giou: 0.22185  ,  Loss/l1: 0.01690  ,  IoU: 0.78974
[train: 18, 300 / 1875] FPS: 30.3 (37.7)  ,  Loss/total: 0.52789  ,  Loss/giou: 0.22201  ,  Loss/l1: 0.01677  ,  IoU: 0.78986
[train: 18, 350 / 1875] FPS: 30.4 (38.1)  ,  Loss/total: 0.52422  ,  Loss/giou: 0.22071  ,  Loss/l1: 0.01656  ,  IoU: 0.78853
[train: 18, 400 / 1875] FPS: 30.5 (37.9)  ,  Loss/total: 0.51915  ,  Loss/giou: 0.21903  ,  Loss/l1: 0.01622  ,  IoU: 0.79028
[train: 18, 450 / 1875] FPS: 30.6 (37.4)  ,  Loss/total: 0.52462  ,  Loss/giou: 0.22077  ,  Loss/l1: 0.01662  ,  IoU: 0.78967
[train: 18, 500 / 1875] FPS: 30.7 (37.7)  ,  Loss/total: 0.53133  ,  Loss/giou: 0.22326  ,  Loss/l1: 0.01696  ,  IoU: 0.78835
[train: 18, 550 / 1875] FPS: 30.8 (37.9)  ,  Loss/total: 0.53007  ,  Loss/giou: 0.22290  ,  Loss/l1: 0.01685  ,  IoU: 0.78694
[train: 18, 600 / 1875] FPS: 30.8 (37.5)  ,  Loss/total: 0.53005  ,  Loss/giou: 0.22299  ,  Loss/l1: 0.01681  ,  IoU: 0.78710
[train: 18, 650 / 1875] FPS: 30.8 (16.1)  ,  Loss/total: 0.52996  ,  Loss/giou: 0.22271  ,  Loss/l1: 0.01691  ,  IoU: 0.78473
[train: 18, 700 / 1875] FPS: 31.0 (37.9)  ,  Loss/total: 0.52961  ,  Loss/giou: 0.22268  ,  Loss/l1: 0.01685  ,  IoU: 0.78521
[train: 18, 750 / 1875] FPS: 31.0 (37.4)  ,  Loss/total: 0.52770  ,  Loss/giou: 0.22188  ,  Loss/l1: 0.01679  ,  IoU: 0.78500
[train: 18, 800 / 1875] FPS: 31.1 (37.5)  ,  Loss/total: 0.52637  ,  Loss/giou: 0.22146  ,  Loss/l1: 0.01669  ,  IoU: 0.78572
[train: 18, 850 / 1875] FPS: 31.1 (37.4)  ,  Loss/total: 0.52889  ,  Loss/giou: 0.22241  ,  Loss/l1: 0.01681  ,  IoU: 0.78552
[train: 18, 900 / 1875] FPS: 31.1 (36.6)  ,  Loss/total: 0.52811  ,  Loss/giou: 0.22222  ,  Loss/l1: 0.01674  ,  IoU: 0.78603
[train: 18, 950 / 1875] FPS: 31.1 (35.6)  ,  Loss/total: 0.52857  ,  Loss/giou: 0.22252  ,  Loss/l1: 0.01671  ,  IoU: 0.78604
[train: 18, 1000 / 1875] FPS: 31.2 (40.5)  ,  Loss/total: 0.52695  ,  Loss/giou: 0.22188  ,  Loss/l1: 0.01664  ,  IoU: 0.78586
[train: 18, 1050 / 1875] FPS: 31.2 (28.1)  ,  Loss/total: 0.52914  ,  Loss/giou: 0.22275  ,  Loss/l1: 0.01673  ,  IoU: 0.78558
[train: 18, 1100 / 1875] FPS: 31.2 (36.4)  ,  Loss/total: 0.53013  ,  Loss/giou: 0.22301  ,  Loss/l1: 0.01682  ,  IoU: 0.78475
[train: 18, 1150 / 1875] FPS: 31.3 (35.6)  ,  Loss/total: 0.52986  ,  Loss/giou: 0.22292  ,  Loss/l1: 0.01680  ,  IoU: 0.78507
[train: 18, 1200 / 1875] FPS: 31.3 (35.9)  ,  Loss/total: 0.53114  ,  Loss/giou: 0.22348  ,  Loss/l1: 0.01684  ,  IoU: 0.78486
[train: 18, 1250 / 1875] FPS: 31.3 (35.3)  ,  Loss/total: 0.53154  ,  Loss/giou: 0.22360  ,  Loss/l1: 0.01687  ,  IoU: 0.78442
[train: 18, 1300 / 1875] FPS: 31.3 (36.1)  ,  Loss/total: 0.53297  ,  Loss/giou: 0.22410  ,  Loss/l1: 0.01695  ,  IoU: 0.78432
[train: 18, 1350 / 1875] FPS: 31.3 (39.3)  ,  Loss/total: 0.53318  ,  Loss/giou: 0.22425  ,  Loss/l1: 0.01694  ,  IoU: 0.78438
[train: 18, 1400 / 1875] FPS: 31.3 (35.3)  ,  Loss/total: 0.53205  ,  Loss/giou: 0.22382  ,  Loss/l1: 0.01688  ,  IoU: 0.78488
[train: 18, 1450 / 1875] FPS: 31.3 (35.9)  ,  Loss/total: 0.53256  ,  Loss/giou: 0.22405  ,  Loss/l1: 0.01689  ,  IoU: 0.78490
[train: 18, 1500 / 1875] FPS: 31.3 (35.8)  ,  Loss/total: 0.53348  ,  Loss/giou: 0.22439  ,  Loss/l1: 0.01694  ,  IoU: 0.78488
[train: 18, 1550 / 1875] FPS: 31.3 (35.2)  ,  Loss/total: 0.53357  ,  Loss/giou: 0.22449  ,  Loss/l1: 0.01692  ,  IoU: 0.78500
[train: 18, 1600 / 1875] FPS: 31.3 (36.2)  ,  Loss/total: 0.53250  ,  Loss/giou: 0.22413  ,  Loss/l1: 0.01685  ,  IoU: 0.78538
[train: 18, 1650 / 1875] FPS: 31.3 (35.9)  ,  Loss/total: 0.53338  ,  Loss/giou: 0.22444  ,  Loss/l1: 0.01690  ,  IoU: 0.78474
[train: 18, 1700 / 1875] FPS: 31.3 (36.0)  ,  Loss/total: 0.53423  ,  Loss/giou: 0.22478  ,  Loss/l1: 0.01693  ,  IoU: 0.78461
[train: 18, 1750 / 1875] FPS: 31.3 (30.4)  ,  Loss/total: 0.53464  ,  Loss/giou: 0.22496  ,  Loss/l1: 0.01694  ,  IoU: 0.78466
[train: 18, 1800 / 1875] FPS: 31.3 (25.7)  ,  Loss/total: 0.53575  ,  Loss/giou: 0.22537  ,  Loss/l1: 0.01700  ,  IoU: 0.78458
[train: 18, 1850 / 1875] FPS: 31.4 (35.6)  ,  Loss/total: 0.53481  ,  Loss/giou: 0.22502  ,  Loss/l1: 0.01696  ,  IoU: 0.78448
[train: 18, 1875 / 1875] FPS: 31.4 (37.1)  ,  Loss/total: 0.53467  ,  Loss/giou: 0.22496  ,  Loss/l1: 0.01695  ,  IoU: 0.78462
[train: 19, 50 / 1875] FPS: 24.3 (22.1)  ,  Loss/total: 0.51854  ,  Loss/giou: 0.21942  ,  Loss/l1: 0.01594  ,  IoU: 0.79505
[train: 19, 100 / 1875] FPS: 26.5 (19.8)  ,  Loss/total: 0.52348  ,  Loss/giou: 0.22048  ,  Loss/l1: 0.01651  ,  IoU: 0.78404
[train: 19, 150 / 1875] FPS: 27.7 (35.7)  ,  Loss/total: 0.51558  ,  Loss/giou: 0.21804  ,  Loss/l1: 0.01590  ,  IoU: 0.78875
[train: 19, 200 / 1875] FPS: 28.3 (35.9)  ,  Loss/total: 0.51533  ,  Loss/giou: 0.21877  ,  Loss/l1: 0.01556  ,  IoU: 0.78933
[train: 19, 250 / 1875] FPS: 28.8 (33.5)  ,  Loss/total: 0.52055  ,  Loss/giou: 0.22062  ,  Loss/l1: 0.01586  ,  IoU: 0.78891
[train: 19, 300 / 1875] FPS: 29.1 (36.2)  ,  Loss/total: 0.51863  ,  Loss/giou: 0.21948  ,  Loss/l1: 0.01593  ,  IoU: 0.78726
[train: 19, 350 / 1875] FPS: 29.3 (35.9)  ,  Loss/total: 0.51339  ,  Loss/giou: 0.21761  ,  Loss/l1: 0.01564  ,  IoU: 0.78954
[train: 19, 400 / 1875] FPS: 29.7 (36.3)  ,  Loss/total: 0.51745  ,  Loss/giou: 0.21892  ,  Loss/l1: 0.01592  ,  IoU: 0.78713
[train: 19, 450 / 1875] FPS: 29.8 (34.2)  ,  Loss/total: 0.52240  ,  Loss/giou: 0.22068  ,  Loss/l1: 0.01621  ,  IoU: 0.78667
[train: 19, 500 / 1875] FPS: 30.0 (41.4)  ,  Loss/total: 0.52160  ,  Loss/giou: 0.22050  ,  Loss/l1: 0.01612  ,  IoU: 0.78740
[train: 19, 550 / 1875] FPS: 30.1 (43.0)  ,  Loss/total: 0.51954  ,  Loss/giou: 0.21989  ,  Loss/l1: 0.01595  ,  IoU: 0.78848
[train: 19, 600 / 1875] FPS: 30.2 (40.9)  ,  Loss/total: 0.51956  ,  Loss/giou: 0.21993  ,  Loss/l1: 0.01594  ,  IoU: 0.78904
[train: 19, 650 / 1875] FPS: 30.3 (36.1)  ,  Loss/total: 0.52117  ,  Loss/giou: 0.22026  ,  Loss/l1: 0.01613  ,  IoU: 0.78771
[train: 19, 700 / 1875] FPS: 30.4 (35.9)  ,  Loss/total: 0.52009  ,  Loss/giou: 0.21990  ,  Loss/l1: 0.01606  ,  IoU: 0.78824
[train: 19, 750 / 1875] FPS: 30.5 (36.0)  ,  Loss/total: 0.51997  ,  Loss/giou: 0.21989  ,  Loss/l1: 0.01604  ,  IoU: 0.78854
[train: 19, 800 / 1875] FPS: 30.5 (35.8)  ,  Loss/total: 0.52071  ,  Loss/giou: 0.22027  ,  Loss/l1: 0.01604  ,  IoU: 0.78842
[train: 19, 850 / 1875] FPS: 30.5 (36.0)  ,  Loss/total: 0.52182  ,  Loss/giou: 0.22058  ,  Loss/l1: 0.01613  ,  IoU: 0.78853
[train: 19, 900 / 1875] FPS: 30.5 (35.5)  ,  Loss/total: 0.52077  ,  Loss/giou: 0.22012  ,  Loss/l1: 0.01610  ,  IoU: 0.78817
[train: 19, 950 / 1875] FPS: 30.6 (35.7)  ,  Loss/total: 0.52033  ,  Loss/giou: 0.22002  ,  Loss/l1: 0.01606  ,  IoU: 0.78851
[train: 19, 1000 / 1875] FPS: 30.7 (35.6)  ,  Loss/total: 0.52037  ,  Loss/giou: 0.22016  ,  Loss/l1: 0.01601  ,  IoU: 0.78860
[train: 19, 1050 / 1875] FPS: 30.7 (41.2)  ,  Loss/total: 0.51813  ,  Loss/giou: 0.21931  ,  Loss/l1: 0.01590  ,  IoU: 0.78955
[train: 19, 1100 / 1875] FPS: 30.7 (35.6)  ,  Loss/total: 0.51964  ,  Loss/giou: 0.21986  ,  Loss/l1: 0.01598  ,  IoU: 0.78944
[train: 19, 1150 / 1875] FPS: 30.8 (36.0)  ,  Loss/total: 0.52014  ,  Loss/giou: 0.22008  ,  Loss/l1: 0.01600  ,  IoU: 0.78943
[train: 19, 1200 / 1875] FPS: 30.8 (35.2)  ,  Loss/total: 0.52029  ,  Loss/giou: 0.22015  ,  Loss/l1: 0.01600  ,  IoU: 0.78962
[train: 19, 1250 / 1875] FPS: 30.9 (13.5)  ,  Loss/total: 0.52122  ,  Loss/giou: 0.22043  ,  Loss/l1: 0.01607  ,  IoU: 0.78962
[train: 19, 1300 / 1875] FPS: 30.9 (19.7)  ,  Loss/total: 0.52220  ,  Loss/giou: 0.22077  ,  Loss/l1: 0.01613  ,  IoU: 0.78952
[train: 19, 1350 / 1875] FPS: 30.9 (36.0)  ,  Loss/total: 0.52309  ,  Loss/giou: 0.22116  ,  Loss/l1: 0.01615  ,  IoU: 0.78934
[train: 19, 1400 / 1875] FPS: 31.0 (35.8)  ,  Loss/total: 0.52347  ,  Loss/giou: 0.22129  ,  Loss/l1: 0.01618  ,  IoU: 0.78934
[train: 19, 1450 / 1875] FPS: 31.0 (36.0)  ,  Loss/total: 0.52467  ,  Loss/giou: 0.22174  ,  Loss/l1: 0.01624  ,  IoU: 0.78913
[train: 19, 1500 / 1875] FPS: 31.0 (35.5)  ,  Loss/total: 0.52438  ,  Loss/giou: 0.22159  ,  Loss/l1: 0.01624  ,  IoU: 0.78873
[train: 19, 1550 / 1875] FPS: 31.0 (36.0)  ,  Loss/total: 0.52457  ,  Loss/giou: 0.22166  ,  Loss/l1: 0.01625  ,  IoU: 0.78879
[train: 19, 1600 / 1875] FPS: 31.0 (13.2)  ,  Loss/total: 0.52488  ,  Loss/giou: 0.22182  ,  Loss/l1: 0.01625  ,  IoU: 0.78876
[train: 19, 1650 / 1875] FPS: 31.0 (35.6)  ,  Loss/total: 0.52402  ,  Loss/giou: 0.22151  ,  Loss/l1: 0.01620  ,  IoU: 0.78909
[train: 19, 1700 / 1875] FPS: 31.0 (35.7)  ,  Loss/total: 0.52425  ,  Loss/giou: 0.22157  ,  Loss/l1: 0.01622  ,  IoU: 0.78908
[train: 19, 1750 / 1875] FPS: 31.0 (36.1)  ,  Loss/total: 0.52460  ,  Loss/giou: 0.22175  ,  Loss/l1: 0.01622  ,  IoU: 0.78901
[train: 19, 1800 / 1875] FPS: 31.0 (17.1)  ,  Loss/total: 0.52457  ,  Loss/giou: 0.22178  ,  Loss/l1: 0.01620  ,  IoU: 0.78906
[train: 19, 1850 / 1875] FPS: 31.0 (35.8)  ,  Loss/total: 0.52484  ,  Loss/giou: 0.22183  ,  Loss/l1: 0.01623  ,  IoU: 0.78914
[train: 19, 1875 / 1875] FPS: 31.1 (37.6)  ,  Loss/total: 0.52524  ,  Loss/giou: 0.22197  ,  Loss/l1: 0.01626  ,  IoU: 0.78910
[train: 20, 50 / 1875] FPS: 24.6 (20.0)  ,  Loss/total: 0.49974  ,  Loss/giou: 0.21322  ,  Loss/l1: 0.01466  ,  IoU: 0.79698
[train: 20, 100 / 1875] FPS: 27.2 (35.8)  ,  Loss/total: 0.51741  ,  Loss/giou: 0.21962  ,  Loss/l1: 0.01563  ,  IoU: 0.79344
[train: 20, 150 / 1875] FPS: 28.5 (36.1)  ,  Loss/total: 0.51361  ,  Loss/giou: 0.21857  ,  Loss/l1: 0.01530  ,  IoU: 0.78710
[train: 20, 200 / 1875] FPS: 29.5 (36.6)  ,  Loss/total: 0.51540  ,  Loss/giou: 0.21813  ,  Loss/l1: 0.01583  ,  IoU: 0.77977
[train: 20, 250 / 1875] FPS: 29.9 (25.0)  ,  Loss/total: 0.51430  ,  Loss/giou: 0.21780  ,  Loss/l1: 0.01574  ,  IoU: 0.77900
[train: 20, 300 / 1875] FPS: 30.0 (13.1)  ,  Loss/total: 0.51463  ,  Loss/giou: 0.21801  ,  Loss/l1: 0.01572  ,  IoU: 0.78157
[train: 20, 350 / 1875] FPS: 30.2 (35.8)  ,  Loss/total: 0.50815  ,  Loss/giou: 0.21551  ,  Loss/l1: 0.01543  ,  IoU: 0.78550
[train: 20, 400 / 1875] FPS: 30.4 (36.2)  ,  Loss/total: 0.51144  ,  Loss/giou: 0.21669  ,  Loss/l1: 0.01561  ,  IoU: 0.78603
[train: 20, 450 / 1875] FPS: 30.5 (23.8)  ,  Loss/total: 0.51612  ,  Loss/giou: 0.21843  ,  Loss/l1: 0.01585  ,  IoU: 0.78613
[train: 20, 500 / 1875] FPS: 30.7 (35.4)  ,  Loss/total: 0.51964  ,  Loss/giou: 0.21952  ,  Loss/l1: 0.01612  ,  IoU: 0.78407
[train: 20, 550 / 1875] FPS: 30.8 (36.2)  ,  Loss/total: 0.51884  ,  Loss/giou: 0.21916  ,  Loss/l1: 0.01610  ,  IoU: 0.78531
[train: 20, 600 / 1875] FPS: 30.8 (36.0)  ,  Loss/total: 0.51818  ,  Loss/giou: 0.21891  ,  Loss/l1: 0.01607  ,  IoU: 0.78625
[train: 20, 650 / 1875] FPS: 30.9 (17.6)  ,  Loss/total: 0.51981  ,  Loss/giou: 0.21941  ,  Loss/l1: 0.01620  ,  IoU: 0.78669
[train: 20, 700 / 1875] FPS: 30.9 (35.0)  ,  Loss/total: 0.51914  ,  Loss/giou: 0.21920  ,  Loss/l1: 0.01615  ,  IoU: 0.78752
[train: 20, 750 / 1875] FPS: 30.9 (35.9)  ,  Loss/total: 0.51894  ,  Loss/giou: 0.21926  ,  Loss/l1: 0.01609  ,  IoU: 0.78785
[train: 20, 800 / 1875] FPS: 30.9 (36.2)  ,  Loss/total: 0.51868  ,  Loss/giou: 0.21913  ,  Loss/l1: 0.01608  ,  IoU: 0.78840
[train: 20, 850 / 1875] FPS: 31.0 (28.4)  ,  Loss/total: 0.51620  ,  Loss/giou: 0.21823  ,  Loss/l1: 0.01595  ,  IoU: 0.78939
[train: 20, 900 / 1875] FPS: 31.0 (25.2)  ,  Loss/total: 0.51534  ,  Loss/giou: 0.21801  ,  Loss/l1: 0.01586  ,  IoU: 0.78984
[train: 20, 950 / 1875] FPS: 31.1 (35.4)  ,  Loss/total: 0.51351  ,  Loss/giou: 0.21725  ,  Loss/l1: 0.01580  ,  IoU: 0.78974
[train: 20, 1000 / 1875] FPS: 31.1 (30.8)  ,  Loss/total: 0.51398  ,  Loss/giou: 0.21738  ,  Loss/l1: 0.01584  ,  IoU: 0.79006
[train: 20, 1050 / 1875] FPS: 31.1 (10.8)  ,  Loss/total: 0.51162  ,  Loss/giou: 0.21642  ,  Loss/l1: 0.01576  ,  IoU: 0.79020
[train: 20, 1100 / 1875] FPS: 31.2 (17.6)  ,  Loss/total: 0.51103  ,  Loss/giou: 0.21624  ,  Loss/l1: 0.01571  ,  IoU: 0.79058
[train: 20, 1150 / 1875] FPS: 31.2 (36.2)  ,  Loss/total: 0.51137  ,  Loss/giou: 0.21652  ,  Loss/l1: 0.01566  ,  IoU: 0.79046
[train: 20, 1200 / 1875] FPS: 31.2 (43.0)  ,  Loss/total: 0.51313  ,  Loss/giou: 0.21720  ,  Loss/l1: 0.01575  ,  IoU: 0.79026
[train: 20, 1250 / 1875] FPS: 31.2 (35.4)  ,  Loss/total: 0.51363  ,  Loss/giou: 0.21739  ,  Loss/l1: 0.01577  ,  IoU: 0.79045
[train: 20, 1300 / 1875] FPS: 31.2 (15.6)  ,  Loss/total: 0.51384  ,  Loss/giou: 0.21750  ,  Loss/l1: 0.01577  ,  IoU: 0.79063
[train: 20, 1350 / 1875] FPS: 31.2 (36.1)  ,  Loss/total: 0.51442  ,  Loss/giou: 0.21760  ,  Loss/l1: 0.01584  ,  IoU: 0.79082
[train: 20, 1400 / 1875] FPS: 31.3 (35.6)  ,  Loss/total: 0.51659  ,  Loss/giou: 0.21838  ,  Loss/l1: 0.01596  ,  IoU: 0.79049
[train: 20, 1450 / 1875] FPS: 31.3 (35.9)  ,  Loss/total: 0.51809  ,  Loss/giou: 0.21895  ,  Loss/l1: 0.01604  ,  IoU: 0.79022
[train: 20, 1500 / 1875] FPS: 31.3 (19.5)  ,  Loss/total: 0.51903  ,  Loss/giou: 0.21920  ,  Loss/l1: 0.01613  ,  IoU: 0.78953
[train: 20, 1550 / 1875] FPS: 31.4 (35.3)  ,  Loss/total: 0.51823  ,  Loss/giou: 0.21897  ,  Loss/l1: 0.01606  ,  IoU: 0.78981
[train: 20, 1600 / 1875] FPS: 31.4 (35.9)  ,  Loss/total: 0.51762  ,  Loss/giou: 0.21872  ,  Loss/l1: 0.01604  ,  IoU: 0.79015
[train: 20, 1650 / 1875] FPS: 31.4 (17.2)  ,  Loss/total: 0.51805  ,  Loss/giou: 0.21888  ,  Loss/l1: 0.01606  ,  IoU: 0.79023
[train: 20, 1700 / 1875] FPS: 31.4 (35.1)  ,  Loss/total: 0.51728  ,  Loss/giou: 0.21858  ,  Loss/l1: 0.01602  ,  IoU: 0.79065
[train: 20, 1750 / 1875] FPS: 31.4 (36.5)  ,  Loss/total: 0.51704  ,  Loss/giou: 0.21850  ,  Loss/l1: 0.01601  ,  IoU: 0.79029
[train: 20, 1800 / 1875] FPS: 31.4 (35.4)  ,  Loss/total: 0.51763  ,  Loss/giou: 0.21870  ,  Loss/l1: 0.01605  ,  IoU: 0.79033
[train: 20, 1850 / 1875] FPS: 31.4 (36.2)  ,  Loss/total: 0.51854  ,  Loss/giou: 0.21900  ,  Loss/l1: 0.01611  ,  IoU: 0.79034
[train: 20, 1875 / 1875] FPS: 31.4 (32.5)  ,  Loss/total: 0.51815  ,  Loss/giou: 0.21889  ,  Loss/l1: 0.01608  ,  IoU: 0.79047
[train: 21, 50 / 1875] FPS: 23.3 (17.5)  ,  Loss/total: 0.55966  ,  Loss/giou: 0.23350  ,  Loss/l1: 0.01853  ,  IoU: 0.78570
[train: 21, 100 / 1875] FPS: 26.2 (35.8)  ,  Loss/total: 0.54893  ,  Loss/giou: 0.23002  ,  Loss/l1: 0.01778  ,  IoU: 0.78747
[train: 21, 150 / 1875] FPS: 27.6 (36.0)  ,  Loss/total: 0.53733  ,  Loss/giou: 0.22620  ,  Loss/l1: 0.01699  ,  IoU: 0.78945
[train: 21, 200 / 1875] FPS: 28.3 (35.8)  ,  Loss/total: 0.53348  ,  Loss/giou: 0.22535  ,  Loss/l1: 0.01656  ,  IoU: 0.78980
[train: 21, 250 / 1875] FPS: 28.9 (35.8)  ,  Loss/total: 0.52877  ,  Loss/giou: 0.22293  ,  Loss/l1: 0.01658  ,  IoU: 0.78811
[train: 21, 300 / 1875] FPS: 29.2 (35.5)  ,  Loss/total: 0.52883  ,  Loss/giou: 0.22309  ,  Loss/l1: 0.01653  ,  IoU: 0.78871
[train: 21, 350 / 1875] FPS: 29.4 (35.9)  ,  Loss/total: 0.52943  ,  Loss/giou: 0.22322  ,  Loss/l1: 0.01660  ,  IoU: 0.78927
[train: 21, 400 / 1875] FPS: 29.6 (36.1)  ,  Loss/total: 0.53159  ,  Loss/giou: 0.22396  ,  Loss/l1: 0.01673  ,  IoU: 0.78908
[train: 21, 450 / 1875] FPS: 29.8 (35.9)  ,  Loss/total: 0.53005  ,  Loss/giou: 0.22302  ,  Loss/l1: 0.01680  ,  IoU: 0.78779
[train: 21, 500 / 1875] FPS: 30.0 (35.5)  ,  Loss/total: 0.53121  ,  Loss/giou: 0.22372  ,  Loss/l1: 0.01675  ,  IoU: 0.78749
[train: 21, 550 / 1875] FPS: 30.1 (35.9)  ,  Loss/total: 0.52949  ,  Loss/giou: 0.22303  ,  Loss/l1: 0.01669  ,  IoU: 0.78672
[train: 21, 600 / 1875] FPS: 30.2 (36.1)  ,  Loss/total: 0.52764  ,  Loss/giou: 0.22247  ,  Loss/l1: 0.01654  ,  IoU: 0.78596
[train: 21, 650 / 1875] FPS: 30.3 (35.7)  ,  Loss/total: 0.52663  ,  Loss/giou: 0.22207  ,  Loss/l1: 0.01650  ,  IoU: 0.78689
[train: 21, 700 / 1875] FPS: 30.4 (35.8)  ,  Loss/total: 0.52743  ,  Loss/giou: 0.22244  ,  Loss/l1: 0.01651  ,  IoU: 0.78698
[train: 21, 750 / 1875] FPS: 30.4 (35.8)  ,  Loss/total: 0.52651  ,  Loss/giou: 0.22213  ,  Loss/l1: 0.01645  ,  IoU: 0.78743
[train: 21, 800 / 1875] FPS: 30.5 (35.9)  ,  Loss/total: 0.52636  ,  Loss/giou: 0.22213  ,  Loss/l1: 0.01642  ,  IoU: 0.78780
[train: 21, 850 / 1875] FPS: 30.5 (35.9)  ,  Loss/total: 0.52660  ,  Loss/giou: 0.22229  ,  Loss/l1: 0.01640  ,  IoU: 0.78795
[train: 21, 900 / 1875] FPS: 30.6 (35.9)  ,  Loss/total: 0.52676  ,  Loss/giou: 0.22241  ,  Loss/l1: 0.01639  ,  IoU: 0.78800
[train: 21, 950 / 1875] FPS: 30.6 (36.2)  ,  Loss/total: 0.52658  ,  Loss/giou: 0.22232  ,  Loss/l1: 0.01639  ,  IoU: 0.78829
[train: 21, 1000 / 1875] FPS: 30.7 (36.1)  ,  Loss/total: 0.52681  ,  Loss/giou: 0.22242  ,  Loss/l1: 0.01639  ,  IoU: 0.78844
[train: 21, 1050 / 1875] FPS: 30.7 (35.9)  ,  Loss/total: 0.52667  ,  Loss/giou: 0.22238  ,  Loss/l1: 0.01638  ,  IoU: 0.78850
[train: 21, 1100 / 1875] FPS: 30.7 (36.1)  ,  Loss/total: 0.52708  ,  Loss/giou: 0.22258  ,  Loss/l1: 0.01639  ,  IoU: 0.78861
[train: 21, 1150 / 1875] FPS: 30.7 (36.2)  ,  Loss/total: 0.52834  ,  Loss/giou: 0.22298  ,  Loss/l1: 0.01648  ,  IoU: 0.78769
[train: 21, 1200 / 1875] FPS: 30.7 (35.9)  ,  Loss/total: 0.52926  ,  Loss/giou: 0.22337  ,  Loss/l1: 0.01650  ,  IoU: 0.78749
[train: 21, 1250 / 1875] FPS: 30.8 (36.0)  ,  Loss/total: 0.52856  ,  Loss/giou: 0.22317  ,  Loss/l1: 0.01644  ,  IoU: 0.78773
[train: 21, 1300 / 1875] FPS: 30.9 (35.8)  ,  Loss/total: 0.52735  ,  Loss/giou: 0.22272  ,  Loss/l1: 0.01638  ,  IoU: 0.78831
[train: 21, 1350 / 1875] FPS: 30.8 (13.8)  ,  Loss/total: 0.52665  ,  Loss/giou: 0.22243  ,  Loss/l1: 0.01636  ,  IoU: 0.78873
[train: 21, 1400 / 1875] FPS: 30.8 (36.0)  ,  Loss/total: 0.52621  ,  Loss/giou: 0.22232  ,  Loss/l1: 0.01632  ,  IoU: 0.78895
[train: 21, 1450 / 1875] FPS: 30.9 (36.0)  ,  Loss/total: 0.52507  ,  Loss/giou: 0.22187  ,  Loss/l1: 0.01627  ,  IoU: 0.78870
[train: 21, 1500 / 1875] FPS: 30.9 (36.0)  ,  Loss/total: 0.52497  ,  Loss/giou: 0.22175  ,  Loss/l1: 0.01629  ,  IoU: 0.78903
[train: 21, 1550 / 1875] FPS: 30.9 (35.5)  ,  Loss/total: 0.52458  ,  Loss/giou: 0.22159  ,  Loss/l1: 0.01628  ,  IoU: 0.78931
[train: 21, 1600 / 1875] FPS: 30.9 (35.6)  ,  Loss/total: 0.52441  ,  Loss/giou: 0.22148  ,  Loss/l1: 0.01629  ,  IoU: 0.78891
[train: 21, 1650 / 1875] FPS: 30.9 (36.4)  ,  Loss/total: 0.52374  ,  Loss/giou: 0.22124  ,  Loss/l1: 0.01625  ,  IoU: 0.78917
[train: 21, 1700 / 1875] FPS: 30.9 (35.7)  ,  Loss/total: 0.52452  ,  Loss/giou: 0.22155  ,  Loss/l1: 0.01629  ,  IoU: 0.78914
[train: 21, 1750 / 1875] FPS: 30.9 (23.5)  ,  Loss/total: 0.52545  ,  Loss/giou: 0.22190  ,  Loss/l1: 0.01633  ,  IoU: 0.78895
[train: 21, 1800 / 1875] FPS: 31.0 (35.9)  ,  Loss/total: 0.52497  ,  Loss/giou: 0.22180  ,  Loss/l1: 0.01627  ,  IoU: 0.78911
[train: 21, 1850 / 1875] FPS: 31.0 (35.9)  ,  Loss/total: 0.52556  ,  Loss/giou: 0.22203  ,  Loss/l1: 0.01630  ,  IoU: 0.78905
[train: 21, 1875 / 1875] FPS: 31.0 (33.0)  ,  Loss/total: 0.52662  ,  Loss/giou: 0.22239  ,  Loss/l1: 0.01637  ,  IoU: 0.78883
[train: 22, 50 / 1875] FPS: 23.5 (35.8)  ,  Loss/total: 0.51732  ,  Loss/giou: 0.21751  ,  Loss/l1: 0.01646  ,  IoU: 0.77941
[train: 22, 100 / 1875] FPS: 27.2 (42.7)  ,  Loss/total: 0.52248  ,  Loss/giou: 0.22073  ,  Loss/l1: 0.01620  ,  IoU: 0.78530
[train: 22, 150 / 1875] FPS: 28.2 (43.1)  ,  Loss/total: 0.52885  ,  Loss/giou: 0.22390  ,  Loss/l1: 0.01621  ,  IoU: 0.77836
[train: 22, 200 / 1875] FPS: 29.1 (36.0)  ,  Loss/total: 0.52196  ,  Loss/giou: 0.22104  ,  Loss/l1: 0.01598  ,  IoU: 0.77840
[train: 22, 250 / 1875] FPS: 29.6 (37.6)  ,  Loss/total: 0.52475  ,  Loss/giou: 0.22227  ,  Loss/l1: 0.01604  ,  IoU: 0.78047
[train: 22, 300 / 1875] FPS: 29.9 (36.1)  ,  Loss/total: 0.52347  ,  Loss/giou: 0.22139  ,  Loss/l1: 0.01614  ,  IoU: 0.78322
[train: 22, 350 / 1875] FPS: 30.1 (35.7)  ,  Loss/total: 0.52404  ,  Loss/giou: 0.22168  ,  Loss/l1: 0.01614  ,  IoU: 0.78448
[train: 22, 400 / 1875] FPS: 30.3 (35.9)  ,  Loss/total: 0.52542  ,  Loss/giou: 0.22202  ,  Loss/l1: 0.01628  ,  IoU: 0.78515
[train: 22, 450 / 1875] FPS: 30.3 (36.2)  ,  Loss/total: 0.52509  ,  Loss/giou: 0.22189  ,  Loss/l1: 0.01626  ,  IoU: 0.78619
[train: 22, 500 / 1875] FPS: 30.4 (36.1)  ,  Loss/total: 0.52355  ,  Loss/giou: 0.22133  ,  Loss/l1: 0.01618  ,  IoU: 0.78534
[train: 22, 550 / 1875] FPS: 30.6 (35.9)  ,  Loss/total: 0.52119  ,  Loss/giou: 0.22050  ,  Loss/l1: 0.01604  ,  IoU: 0.78654
[train: 22, 600 / 1875] FPS: 30.7 (36.2)  ,  Loss/total: 0.52091  ,  Loss/giou: 0.22035  ,  Loss/l1: 0.01604  ,  IoU: 0.78727
[train: 22, 650 / 1875] FPS: 30.7 (36.2)  ,  Loss/total: 0.52050  ,  Loss/giou: 0.22016  ,  Loss/l1: 0.01603  ,  IoU: 0.78781
[train: 22, 700 / 1875] FPS: 30.9 (36.1)  ,  Loss/total: 0.52127  ,  Loss/giou: 0.22058  ,  Loss/l1: 0.01602  ,  IoU: 0.78806
[train: 22, 750 / 1875] FPS: 30.9 (36.3)  ,  Loss/total: 0.52038  ,  Loss/giou: 0.22032  ,  Loss/l1: 0.01595  ,  IoU: 0.78856
[train: 22, 800 / 1875] FPS: 31.0 (36.0)  ,  Loss/total: 0.52133  ,  Loss/giou: 0.22059  ,  Loss/l1: 0.01603  ,  IoU: 0.78870
[train: 22, 850 / 1875] FPS: 31.0 (30.7)  ,  Loss/total: 0.51925  ,  Loss/giou: 0.21967  ,  Loss/l1: 0.01598  ,  IoU: 0.78983
[train: 22, 900 / 1875] FPS: 31.0 (20.7)  ,  Loss/total: 0.51905  ,  Loss/giou: 0.21972  ,  Loss/l1: 0.01592  ,  IoU: 0.78995
[train: 22, 950 / 1875] FPS: 31.0 (35.9)  ,  Loss/total: 0.51779  ,  Loss/giou: 0.21933  ,  Loss/l1: 0.01583  ,  IoU: 0.79035
[train: 22, 1000 / 1875] FPS: 31.1 (36.1)  ,  Loss/total: 0.51758  ,  Loss/giou: 0.21931  ,  Loss/l1: 0.01579  ,  IoU: 0.79060
[train: 22, 1050 / 1875] FPS: 31.1 (35.2)  ,  Loss/total: 0.51610  ,  Loss/giou: 0.21876  ,  Loss/l1: 0.01572  ,  IoU: 0.79113
[train: 22, 1100 / 1875] FPS: 31.1 (13.2)  ,  Loss/total: 0.51814  ,  Loss/giou: 0.21947  ,  Loss/l1: 0.01584  ,  IoU: 0.79075
[train: 22, 1150 / 1875] FPS: 31.1 (35.5)  ,  Loss/total: 0.51842  ,  Loss/giou: 0.21958  ,  Loss/l1: 0.01585  ,  IoU: 0.79091
[train: 22, 1200 / 1875] FPS: 31.1 (36.2)  ,  Loss/total: 0.51780  ,  Loss/giou: 0.21935  ,  Loss/l1: 0.01582  ,  IoU: 0.79129
[train: 22, 1250 / 1875] FPS: 31.2 (34.7)  ,  Loss/total: 0.51805  ,  Loss/giou: 0.21943  ,  Loss/l1: 0.01584  ,  IoU: 0.79134
[train: 22, 1300 / 1875] FPS: 31.2 (12.2)  ,  Loss/total: 0.51801  ,  Loss/giou: 0.21937  ,  Loss/l1: 0.01585  ,  IoU: 0.79150
[train: 22, 1350 / 1875] FPS: 31.2 (36.1)  ,  Loss/total: 0.51875  ,  Loss/giou: 0.21970  ,  Loss/l1: 0.01587  ,  IoU: 0.79127
[train: 22, 1400 / 1875] FPS: 31.2 (35.8)  ,  Loss/total: 0.51968  ,  Loss/giou: 0.22011  ,  Loss/l1: 0.01589  ,  IoU: 0.79107
[train: 22, 1450 / 1875] FPS: 31.3 (35.5)  ,  Loss/total: 0.52002  ,  Loss/giou: 0.22022  ,  Loss/l1: 0.01592  ,  IoU: 0.79110
[train: 22, 1500 / 1875] FPS: 31.3 (25.8)  ,  Loss/total: 0.52032  ,  Loss/giou: 0.22024  ,  Loss/l1: 0.01597  ,  IoU: 0.79057
[train: 22, 1550 / 1875] FPS: 31.3 (36.1)  ,  Loss/total: 0.52035  ,  Loss/giou: 0.22033  ,  Loss/l1: 0.01594  ,  IoU: 0.79055
[train: 22, 1600 / 1875] FPS: 31.3 (35.5)  ,  Loss/total: 0.51957  ,  Loss/giou: 0.22000  ,  Loss/l1: 0.01591  ,  IoU: 0.79092
[train: 22, 1650 / 1875] FPS: 31.3 (32.6)  ,  Loss/total: 0.52051  ,  Loss/giou: 0.22031  ,  Loss/l1: 0.01598  ,  IoU: 0.79088
[train: 22, 1700 / 1875] FPS: 31.3 (17.7)  ,  Loss/total: 0.52041  ,  Loss/giou: 0.22028  ,  Loss/l1: 0.01597  ,  IoU: 0.79099
[train: 22, 1750 / 1875] FPS: 31.3 (35.7)  ,  Loss/total: 0.51962  ,  Loss/giou: 0.21995  ,  Loss/l1: 0.01594  ,  IoU: 0.79133
[train: 22, 1800 / 1875] FPS: 31.3 (36.3)  ,  Loss/total: 0.51943  ,  Loss/giou: 0.21991  ,  Loss/l1: 0.01592  ,  IoU: 0.79142
[train: 22, 1850 / 1875] FPS: 31.3 (34.9)  ,  Loss/total: 0.51839  ,  Loss/giou: 0.21945  ,  Loss/l1: 0.01590  ,  IoU: 0.79189
[train: 22, 1875 / 1875] FPS: 31.3 (33.2)  ,  Loss/total: 0.51902  ,  Loss/giou: 0.21957  ,  Loss/l1: 0.01598  ,  IoU: 0.79142
[train: 23, 50 / 1875] FPS: 24.3 (35.1)  ,  Loss/total: 0.51805  ,  Loss/giou: 0.21943  ,  Loss/l1: 0.01584  ,  IoU: 0.77665
[train: 23, 100 / 1875] FPS: 27.0 (36.1)  ,  Loss/total: 0.52263  ,  Loss/giou: 0.22016  ,  Loss/l1: 0.01646  ,  IoU: 0.78600
[train: 23, 150 / 1875] FPS: 28.2 (36.3)  ,  Loss/total: 0.52773  ,  Loss/giou: 0.22296  ,  Loss/l1: 0.01636  ,  IoU: 0.78527
[train: 23, 200 / 1875] FPS: 28.9 (36.0)  ,  Loss/total: 0.52879  ,  Loss/giou: 0.22251  ,  Loss/l1: 0.01675  ,  IoU: 0.78355
[train: 23, 250 / 1875] FPS: 29.3 (35.8)  ,  Loss/total: 0.51901  ,  Loss/giou: 0.21898  ,  Loss/l1: 0.01621  ,  IoU: 0.78805
[train: 23, 300 / 1875] FPS: 29.5 (35.6)  ,  Loss/total: 0.51875  ,  Loss/giou: 0.21896  ,  Loss/l1: 0.01617  ,  IoU: 0.78912
[train: 23, 350 / 1875] FPS: 29.8 (36.2)  ,  Loss/total: 0.51936  ,  Loss/giou: 0.21918  ,  Loss/l1: 0.01620  ,  IoU: 0.79011
[train: 23, 400 / 1875] FPS: 30.0 (36.2)  ,  Loss/total: 0.51814  ,  Loss/giou: 0.21871  ,  Loss/l1: 0.01614  ,  IoU: 0.78875
[train: 23, 450 / 1875] FPS: 30.2 (36.3)  ,  Loss/total: 0.51978  ,  Loss/giou: 0.21942  ,  Loss/l1: 0.01619  ,  IoU: 0.78890
[train: 23, 500 / 1875] FPS: 30.4 (35.6)  ,  Loss/total: 0.51978  ,  Loss/giou: 0.21961  ,  Loss/l1: 0.01611  ,  IoU: 0.78908
[train: 23, 550 / 1875] FPS: 30.5 (36.0)  ,  Loss/total: 0.52400  ,  Loss/giou: 0.22127  ,  Loss/l1: 0.01629  ,  IoU: 0.78845
[train: 23, 600 / 1875] FPS: 30.5 (35.7)  ,  Loss/total: 0.52773  ,  Loss/giou: 0.22264  ,  Loss/l1: 0.01649  ,  IoU: 0.78778
[train: 23, 650 / 1875] FPS: 30.6 (36.0)  ,  Loss/total: 0.52618  ,  Loss/giou: 0.22204  ,  Loss/l1: 0.01642  ,  IoU: 0.78868
[train: 23, 700 / 1875] FPS: 30.6 (36.2)  ,  Loss/total: 0.52878  ,  Loss/giou: 0.22288  ,  Loss/l1: 0.01660  ,  IoU: 0.78834
[train: 23, 750 / 1875] FPS: 30.7 (35.9)  ,  Loss/total: 0.52634  ,  Loss/giou: 0.22185  ,  Loss/l1: 0.01653  ,  IoU: 0.78819
[train: 23, 800 / 1875] FPS: 30.6 (41.6)  ,  Loss/total: 0.52609  ,  Loss/giou: 0.22179  ,  Loss/l1: 0.01650  ,  IoU: 0.78848
[train: 23, 850 / 1875] FPS: 30.7 (36.0)  ,  Loss/total: 0.52397  ,  Loss/giou: 0.22102  ,  Loss/l1: 0.01639  ,  IoU: 0.78942
[train: 23, 900 / 1875] FPS: 30.7 (43.4)  ,  Loss/total: 0.52171  ,  Loss/giou: 0.22027  ,  Loss/l1: 0.01623  ,  IoU: 0.79016
[train: 23, 950 / 1875] FPS: 30.8 (35.0)  ,  Loss/total: 0.52054  ,  Loss/giou: 0.21988  ,  Loss/l1: 0.01615  ,  IoU: 0.79065
[train: 23, 1000 / 1875] FPS: 30.8 (35.7)  ,  Loss/total: 0.51855  ,  Loss/giou: 0.21912  ,  Loss/l1: 0.01606  ,  IoU: 0.79046
[train: 23, 1050 / 1875] FPS: 30.9 (36.3)  ,  Loss/total: 0.51921  ,  Loss/giou: 0.21932  ,  Loss/l1: 0.01611  ,  IoU: 0.78968
[train: 23, 1100 / 1875] FPS: 30.9 (35.9)  ,  Loss/total: 0.52049  ,  Loss/giou: 0.21970  ,  Loss/l1: 0.01622  ,  IoU: 0.78883
[train: 23, 1150 / 1875] FPS: 31.0 (17.9)  ,  Loss/total: 0.52016  ,  Loss/giou: 0.21957  ,  Loss/l1: 0.01621  ,  IoU: 0.78920
[train: 23, 1200 / 1875] FPS: 31.0 (43.4)  ,  Loss/total: 0.52054  ,  Loss/giou: 0.21974  ,  Loss/l1: 0.01621  ,  IoU: 0.78927
